<AnimationLayers>
    <AnimationLayer />
    <AnimationLayer include="26 " name="led" />
</AnimationLayers>
<Bones>
    <Bone idx="21" gfx="lisub/li-sub-back" pidx="-1" name="subseat" fh="0" fv="0" gc="1" cr="0" cp="0 0" />
    <Bone idx="4" gfx="Li/UpperArm" pidx="0" name="RightArm2" fh="1" fv="0" gc="1" cr="0" cp="0 0" rbp="1" />
    <Bone idx="5" gfx="Li/LowerArm" pidx="4" name="" fh="0" fv="0" gc="1" cr="0" cp="0 0" />
    <Bone idx="10" gfx="Li/Hand" pidx="5" name="RightArm" fh="0" fv="0" gc="1" cr="0" cp="0 0" />
    <Bone idx="6" gfx="Li/UpperLeg" pidx="0" name="" fh="0" fv="0" gc="1" cr="0" cp="0 0" rbp="1" />
    <Bone idx="7" gfx="Li/LowerLeg" pidx="6" name="" fh="0" fv="0" gc="1" cr="0" cp="0 0" rbp="1" />
    <Bone idx="12" gfx="Li/Foot" pidx="7" name="RightFoot" fh="0" fv="0" gc="1" cr="0" cp="0 0" rbp="1" />
    <Bone idx="0" gfx="Li/Body" pidx="21" name="" fh="0" fv="0" gc="1" cr="0" cp="0 0" />
    <Bone idx="8" gfx="Li/UpperLeg" pidx="0" name="" fh="0" fv="0" gc="1" cr="0" cp="0 0" />
    <Bone idx="9" gfx="Li/LowerLeg" pidx="8" name="" fh="0" fv="0" gc="1" cr="0" cp="0 0" rbp="1" />
    <Bone idx="13" gfx="Li/Foot" pidx="9" name="LeftFoot" fh="0" fv="0" gc="1" cr="0" cp="0 0" rbp="1" />
    <Bone idx="1" gfx="" pidx="0" name="Head" fh="0" fv="0" gc="1" cr="0" rq="0" cp="0 0">
        <Frame gfx="li/head" />
        <Frame gfx="li/head-angry" />
        <Frame gfx="li/head-happy" />
        <Frame gfx="li/head-hurt" />
        <Frame gfx="li/head-laugh" />
        <Frame gfx="li/head-surprise" />
    </Bone>
    <Bone idx="2" gfx="Li/UpperArm" pidx="0" name="ULArm" fh="0" fv="0" gc="1" cr="0" cp="0 0" />
    <Bone idx="3" gfx="Li/LowerArm" pidx="2" name="LLArm" fh="0" fv="0" gc="1" cr="0" cp="0 0" />
    <Bone idx="11" gfx="Li/bHand" pidx="3" name="LeftArm" fh="0" fv="0" gc="1" cr="0" cp="0 0" />
    <Bone idx="15" gfx="lisub/li-sub-handle" pidx="11" name="Handle1" fh="0" fv="0" gc="1" cr="0" cp="0 0" rbp="1" sz="1.5 1.5" />
    <Bone idx="16" gfx="lisub/li-sub-handle" pidx="10" name="Handle2" fh="0" fv="0" gc="1" cr="0" cp="0 0" rbp="1" sz="1.5 1.5" />
    <Bone idx="18" gfx="Particles/SmallGlow" pidx="10" name="WeaponGlow" fh="0" fv="0" gc="1" cr="0" rq="0" cp="0 0" io="0 -32" sz="0.5 0.5" />
    <Bone idx="20" gfx="li/wrench" pidx="11" name="wrench" fh="0" fv="0" gc="1" cr="0" rq="0" cp="0 0" rbp="1" />
    <Bone idx="22" gfx="lisub/li-sub-front" pidx="21" name="subfront" fh="0" fv="0" gc="1" cr="0" cp="0 0" />
    <Bone idx="23" gfx="lisub/li-sub-flipper" pidx="22" name="subflipper" fh="0" fv="0" gc="1" cr="0" cp="0 0" sz="1.25 1.25" />
    <Bone idx="24" gfx="missingImage" pidx="22" name="missilespot" fh="0" fv="0" gc="1" cr="0" rq="0" cp="0 0" />
    <Bone idx="25" gfx="missingImage" pidx="22" name="bubbles" fh="0" fv="0" gc="1" cr="0" rq="0" cp="0 0" prt="0 lisubbubbles 1 DustTrail" />
    <Bone idx="26" gfx="lisub/led" pidx="22" name="led" fh="0" fv="0" gc="1" cr="0" cp="0 0" />
    <Bone idx="27" gfx="Particles/SmallGlow" pidx="26" name="ledglow" fh="0" fv="0" gc="1" cr="0" cp="0 0" prt="0 lisubled" />
</Bones>
<Animations>
    <Animation name="intro">
        <Key cmd="1 AC_FRM_SHOW 0" e="0 1 -14 -54 -5 0 0 41 15 14 0 2 13 -10 25 0 3 8 33 14 0 4 -21 -9 4 0 5 15 31 -17 0 6 -26 45 29 0 7 1 40 -17 0 8 -3 45 23 0 9 -5 43 6 0 10 8 32 0 0 11 8 32 0 0 12 -1 42 -15 0 13 -7 40 5 0 14 -9 -61 0 0 15 29 7 -97 0 16 -28 16 62 0 18 0 0 0 0 20 -7 14 34 0 21 -52 -21 0 0 22 109 -2 0 0 23 58 -23 1 0 24 -128 134 0 0 25 -58 129 0 0 26 -17 3 0 0 27 -1 0 0 0 " />
        <Key cmd="1 AC_FRM_SHOW 0" e="1.2 1 -14 -54 -5 0 0 41 15 14 0 2 13 -10 25 0 3 8 33 14 0 4 -21 -9 4 0 5 15 31 -17 0 6 -26 45 29 0 7 1 40 -17 0 8 -3 45 23 0 9 -5 43 6 0 10 8 32 0 0 11 8 32 0 0 12 -1 42 -15 0 13 -7 40 5 0 14 -9 -61 0 0 15 29 7 -97 0 16 -28 16 62 0 18 0 0 0 0 20 -7 14 34 0 21 -52 -21 0 0 22 109 -2 0 0 23 58 -23 1 0 24 -128 134 0 0 25 -58 129 0 0 26 -17 3 0 0 27 -1 0 0 0 " />
        <Key cmd="25 AC_PRT_START 0 1 AC_FRM_SHOW 1" e="1.4 1 -15 -49 -17 0 0 41 15 14 0 2 13 -10 25 0 3 8 33 14 0 4 -13 -4 -50 0 5 20 16 -83 0 6 -26 45 29 0 7 1 40 -17 0 8 -3 45 23 0 9 -5 43 6 0 10 8 32 0 0 11 8 32 0 0 12 -1 42 -15 0 13 -7 40 5 0 14 -9 -61 0 0 15 29 7 -97 0 16 -28 16 62 0 18 0 0 0 0 20 -7 14 34 0 21 -52 -21 0 0 22 109 -2 0 0 23 58 -23 1 0 24 -128 134 0 0 25 -58 129 0 0 26 -17 3 0 0 27 -1 0 0 0 " />
        <Key cmd="25 AC_PRT_START 0 1 AC_FRM_SHOW 1" e="1.8 1 -14 -54 -5 0 0 41 15 14 0 2 13 -10 25 0 3 8 33 14 0 4 -21 -9 4 0 5 15 31 -17 0 6 -26 45 29 0 7 1 40 -17 0 8 -3 45 23 0 9 -5 43 6 0 10 8 32 0 0 11 8 32 0 0 12 -1 42 -15 0 13 -7 40 5 0 14 -9 -61 0 0 15 29 7 -97 0 16 -28 16 62 0 18 0 0 0 0 20 -7 14 34 0 21 -52 -21 0 0 22 109 -2 0 0 23 58 -23 1 0 24 -128 134 0 0 25 -58 129 0 0 26 -17 3 0 0 27 -1 0 0 0 " />
        <Key cmd="25 AC_PRT_START 0 1 AC_FRM_SHOW 1" e="4.7 1 -14 -54 -5 0 0 41 15 14 0 2 13 -10 25 0 3 8 33 14 0 4 -21 -9 4 0 5 15 31 -17 0 6 -26 45 29 0 7 1 40 -17 0 8 -3 45 23 0 9 -5 43 6 0 10 8 32 0 0 11 8 32 0 0 12 -1 42 -15 0 13 -7 40 5 0 14 -9 -61 0 0 15 29 7 -97 0 16 -28 16 62 0 18 0 0 0 0 20 -7 14 34 0 21 -52 -21 0 0 22 109 -2 0 0 23 58 -23 1 0 24 -128 134 0 0 25 -58 129 0 0 26 -17 3 0 0 27 -1 0 0 0 " />
    </Animation>
    <Animation name="idle">
        <Key cmd="25 AC_PRT_START 0 1 AC_FRM_SHOW 1" e="0 1 -14 -54 -5 0 0 41 15 14 0 2 13 -10 25 0 3 8 33 14 0 4 -21 -9 4 0 5 15 31 -17 0 6 -26 45 29 0 7 1 40 -17 0 8 -3 45 23 0 9 -5 43 6 0 10 8 32 0 0 11 8 32 0 0 12 -1 42 -15 0 13 -7 40 5 0 14 -9 -61 0 0 15 29 7 -97 0 16 -28 16 62 0 18 0 0 0 0 20 -7 14 34 0 21 -51 -21 0 0 22 109 -2 0 0 23 58 -23 1 0 24 -128 134 0 0 25 -58 129 0 0 26 -17 3 0 0 27 -1 0 0 0 " />
    </Animation>
    <Animation name="damaged">
        <Key cmd="25 AC_PRT_START 1 1 AC_FRM_SHOW 1" e="0 1 -14 -54 -5 0 0 41 15 14 0 2 13 -10 25 0 3 8 33 14 0 4 -21 -9 4 0 5 15 31 -17 0 6 -26 45 29 0 7 1 40 -17 0 8 -3 45 23 0 9 -5 43 6 0 10 8 32 0 0 11 8 32 0 0 12 -1 42 -15 0 13 -7 40 5 0 14 -9 -61 0 0 15 29 7 -97 0 16 -28 16 62 0 18 0 0 0 0 20 -7 14 34 0 21 -51 -21 0 0 22 109 -2 0 0 23 58 -23 1 0 24 -128 134 0 0 25 -58 129 0 0 26 -17 3 0 0 27 -1 0 0 0 " />
    </Animation>
</Animations>
