<AnimationLayers>
    <AnimationLayer />
    <AnimationLayer ignore="6 7 8 9 12 13 " />
    <AnimationLayer ignore="0 2 3 4 5 6 7 8 9 10 11 12 13 " />
    <AnimationLayer ignore="0 1 2 3 4 5 6 7 8 9 10 11 12 13 " />
    <AnimationLayer />
</AnimationLayers>
<Bones>
    <Bone idx="0" gfx="lisub/li-sub-missile" pidx="-1" name="missile" fh="0" fv="0" gc="1" cr="0" cp="0 0" />
    <Bone idx="1" gfx="missingImage" pidx="0" name="trail" fh="0" fv="0" gc="0" cr="0" cp="0 0" rq="0" prt="0 lisubbubbles 1 cf1trail 2 heattrail 3 dualformtrail 4 energybosstrail" />
</Bones>
<Animations>
    <Animation name="idle">
        <Key cmd="1 AC_PRT_START 2" e="1.72466e-039 0 0 0 0 0 1 -34 1 0 0 " />
        <Key cmd="1 AC_PRT_START 2" e="0.1 0 0 0 0 0 1 -34 1 0 0 " />
    </Animation>
    <Animation name="missile0">
        <Key cmd="1 AC_PRT_START 0" e="1.72466e-039 0 0 0 0 0 1 -34 1 0 0 " />
        <Key cmd="1 AC_PRT_START 0" e="0.1 0 0 0 0 0 1 -34 1 0 0 " />
    </Animation>
    <Animation name="missile1">
        <Key cmd="1 AC_PRT_START 1" e="1.72466e-039 0 0 0 0 0 1 -34 1 0 0 " />
        <Key cmd="1 AC_PRT_START 1" e="0.1 0 0 0 0 0 1 -34 1 0 0 " />
    </Animation>
    <Animation name="missile2">
        <Key cmd="1 AC_PRT_START 2" e="1.72466e-039 0 0 0 0 0 1 -34 1 0 0 " />
        <Key cmd="1 AC_PRT_START 2" e="0.1 0 0 0 0 0 1 -34 1 0 0 " />
    </Animation>
    <Animation name="missile3">
        <Key cmd="1 AC_PRT_START 3" e="1.72466e-039 0 0 0 0 0 1 -34 1 0 0 " />
        <Key cmd="1 AC_PRT_START 3" e="0.1 0 0 0 0 0 1 -34 1 0 0 " />
    </Animation>
</Animations>
