<Bones>
    <Bone idx="4" gfx="naija/zerosuit-BackArm1"  />
    <Bone idx="5" gfx="naija/zerosuit-BackArm2"  />
    <Bone idx="10" gfx="naija/zerosuit-BackArm3"/>
    <Bone idx="6" gfx="naija/zerosuit-BackLeg1" />
    <Bone idx="7" gfx="naija/zerosuit-BackLeg2"  />
    <Bone idx="12" gfx="naija/zerosuit-BackLeg3"  />
    <Bone idx="0" gfx="naija/zerosuit-Body"  />
    <Bone idx="8" gfx="naija/zerosuit-FrontLeg1"  />
    <Bone idx="9" gfx="naija/zerosuit-FrontLeg2"  />
    <Bone idx="13" gfx="naija/zerosuit-FrontLeg3"  />
    <Bone idx="1" gfx="naija/zerosuit-Head"  />
    <Bone idx="2" gfx="naija/zerosuit-FrontArm1"  />
    <Bone idx="3" gfx="naija/zerosuit-FrontArm2"  />
    <Bone idx="11" gfx="naija/zerosuit-FrontArm3"  />
</Bones>
