<AnimationLayers>
    <AnimationLayer />
</AnimationLayers>
<Bones>
    <Bone idx="16" gfx="13/Cloak" pidx="0" name="Cloak" fh="0" fv="0" gc="1" cr="0" cp="0 0" rbp="1" />
    <Bone idx="0" gfx="13/Body" pidx="-1" name="Body" fh="0" fv="0" gc="1" cr="0" cp="0 0" />
    <Bone idx="4" gfx="13/UpperArm" pidx="0" name="" fh="0" fv="0" gc="1" cr="0" cp="0 0" rbp="1" />
    <Bone idx="5" gfx="13/LowerArm" pidx="4" name="" fh="0" fv="0" gc="1" cr="0" cp="0 0" />
    <Bone idx="6" gfx="13/Hand" pidx="5" name="LeftHand" fh="0" fv="0" gc="1" cr="0" cp="0 0" prt="0 ShadeTouch" />
    <Bone idx="7" gfx="13/UpperArm" pidx="0" name="" fh="1" fv="0" gc="1" cr="0" cp="0 0" />
    <Bone idx="8" gfx="13/LowerArm" pidx="7" name="" fh="0" fv="0" gc="1" cr="0" cp="0 0" />
    <Bone idx="9" gfx="13/Hand" pidx="8" name="RightHand" fh="0" fv="0" gc="1" cr="0" cp="0 0" />
    <Bone idx="10" gfx="13/UpperLeg" pidx="0" name="" fh="0" fv="0" gc="1" cr="0" cp="0 0" rbp="1" />
    <Bone idx="11" gfx="13/LowerLeg" pidx="10" name="" fh="0" fv="0" gc="1" cr="0" cp="0 0" />
    <Bone idx="12" gfx="13/Foot" pidx="11" name="" fh="0" fv="0" gc="1" cr="0" cp="0 0" />
    <Bone idx="13" gfx="13/UpperLeg" pidx="0" name="" fh="0" fv="0" gc="1" cr="0" cp="0 0" />
    <Bone idx="14" gfx="13/LowerLeg" pidx="13" name="" fh="0" fv="0" gc="1" cr="0" cp="0 0" />
    <Bone idx="15" gfx="13/Foot" pidx="14" name="" fh="0" fv="0" gc="1" cr="0" cp="0 0" />
    <Bone idx="1" gfx="13/Hood-Neck" pidx="0" name="" fh="0" fv="0" gc="1" cr="0" cp="0 0" />
    <Bone idx="2" gfx="13/Hood" pidx="0" name="" fh="0" fv="0" gc="1" cr="0" cp="0 0" />
    <Bone idx="3" gfx="13/Face" pidx="2" name="Head" fh="0" fv="0" gc="1" cr="0" cp="0 0" />
    <Bone idx="18" gfx="missingImage" rq="0" pidx="-1" name="ShadeEffect" fh="0" fv="0" gc="1" cr="0" cp="0 0" prt="0 ShadeEffect" />
</Bones>
<Animations>
    <Animation name="idle">
        <Key cmd="18 AC_PRT_START 0" lerp="1" e="0 0 -1 -55 0 0 0 0 0 0 0 0 0 0 0 0 16 5 83 0 0 4 -17 -3 -11 0 5 -14 39 0 0 6 -5 34 0 0 7 27 -3 0 0 8 -13 38 0 0 9 -5 33 0 0 10 -3 49 0 0 11 0 54 0 0 12 -4 43 0 0 13 11 55 0 0 14 -1 51 0 0 15 -4 43 0 0 1 4 -30 0 0 2 0 -59 0 0 3 -13 -5 0 0 18 2 -58 0 0 " />
        <Key lerp="1" e="1.1 0 -1 -62 0 0 0 0 0 0 0 0 0 0 0 0 16 5 83 0 0 4 -18 -4 -5 0 5 -14 39 1 0 6 -10 32 18 0 7 27 -4 -6 0 8 -13 38 0 0 9 -11 31 19 0 10 -3 49 0 0 11 0 54 0 0 12 -4 43 0 0 13 11 55 0 0 14 -1 51 0 0 15 -4 43 0 0 1 4 -30 0 0 2 0 -59 0 0 3 -13 -5 0 0 18 -2 -68 0 0 " />
        <Key lerp="1" e="2.3 0 -1 -55 0 0 0 0 0 0 0 0 0 0 0 0 16 5 83 0 0 4 -17 -3 -11 0 5 -14 39 0 0 6 -5 34 0 0 7 27 -3 0 0 8 -13 38 0 0 9 -5 33 0 0 10 -3 49 0 0 11 0 54 0 0 12 -4 43 0 0 13 11 55 0 0 14 -1 51 0 0 15 -4 43 0 0 1 4 -30 0 0 2 0 -59 0 0 3 -13 -5 0 0 18 2 -58 0 0 " />
    </Animation>
    <Animation name="touchNaija">
        <Key cmd="6 AC_PRT_START 0" lerp="1" e="0 0 -1 -55 0 0 0 0 0 0 0 0 0 0 0 0 16 5 83 0 0 4 -18 -2 -8 0 5 -14 39 0 0 6 -5 34 0 0 7 27 -3 0 0 8 -13 38 0 0 9 -5 33 0 0 10 -3 49 0 0 11 0 54 0 0 12 -4 43 0 0 13 11 55 0 0 14 -1 51 0 0 15 -4 43 0 0 1 4 -30 0 0 2 0 -59 0 0 3 -13 -5 0 0 18 0 -66 0 0 " />
        <Key lerp="1" e="1 0 -1 -55 0 0 0 0 0 0 0 0 0 0 0 0 16 5 83 0 0 4 -20 -4 5 0 5 -14 39 0 0 6 -5 34 0 0 7 27 -3 0 0 8 -13 38 0 0 9 -5 33 0 0 10 -3 49 0 0 11 0 54 0 0 12 -4 43 0 0 13 11 55 0 0 14 -1 51 0 0 15 -4 43 0 0 1 4 -30 0 0 2 0 -59 0 0 3 -13 -5 0 0 18 0 -66 0 0 " />
        <Key lerp="1" e="3 0 -1 -55 0 0 0 0 0 0 0 0 0 0 0 0 16 5 83 0 0 4 -26 -16 72 0 5 -24 34 38 0 6 -9 32 15 0 7 27 -2 2 0 8 -13 38 0 0 9 -5 33 0 0 10 -3 49 0 0 11 0 54 0 0 12 -4 43 0 0 13 11 55 0 0 14 -1 51 0 0 15 -4 43 0 0 1 4 -30 0 0 2 -1 -59 -3 0 3 -13 -5 0 0 18 0 -66 0 0 " />
        <Key lerp="1" e="4.7 0 -1 -55 0 0 0 0 0 0 0 0 0 0 0 0 16 5 83 0 0 4 -25 -14 59 0 5 -24 34 37 0 6 -13 30 29 0 7 27 -3 0 0 8 -13 38 0 0 9 -5 33 0 0 10 -3 49 0 0 11 0 54 0 0 12 -4 43 0 0 13 11 55 0 0 14 -1 51 0 0 15 -4 43 0 0 1 4 -30 0 0 2 -2 -59 -8 0 3 -13 -5 0 0 18 0 -66 0 0 " />
    </Animation>
    <Animation name="trail">
        <Key cmd="18 AC_PRT_STOP 0" lerp="1" e="0 0 0 0 0 0 0 0 0 0 0 0 0 0 0 0 16 0 0 0 0 4 0 0 0 0 5 0 0 0 0 6 0 0 0 0 7 0 0 0 0 8 0 0 0 0 9 0 0 0 0 10 0 0 0 0 11 0 0 0 0 12 0 0 0 0 13 0 0 0 0 14 0 0 0 0 15 0 0 0 0 1 0 0 0 0 2 0 0 0 0 3 0 0 0 0 18 0 0 0 0 " />
    </Animation>
</Animations>
