<AnimationLayers>
    <AnimationLayer />
</AnimationLayers>
<Bones>
    <Bone idx="3" gfx="DeepWhale/Jaw" pidx="-1" name="" fh="0" fv="0" gc="1" cr="0" cp="0 0" sz="2 2" />
    <Bone idx="2" gfx="DeepWhale/Head" pidx="-1" name="" fh="0" fv="0" gc="1" cr="0" cp="0 0" sz="2 2" />
    <Bone idx="0" gfx="DeepWhale/Body" pidx="-1" name="" fh="0" fv="0" gc="1" cr="0" cp="0 0" sz="3.5 3.5" />
    <Bone idx="4" gfx="DeepWhale/Fin" pidx="-1" name="" fh="0" fv="0" gc="1" cr="0" cp="0 0" sz="2 2" />
    <Bone idx="5" gfx="DeepWhale/Eye" pidx="2" name="" fh="0" fv="0" gc="1" cr="0" cp="0 0" sz="0.5 0.5" />
    <Bone idx="1" gfx="DeepWhale/Baleen" pidx="2" name="" fh="0" fv="0" gc="1" cr="0" cp="0 0" rbp="1" />
    <Bone idx="20" gfx="missingImage" rq="0" pidx="-1" name="WarpLoc" fh="0" fv="0" gc="1" cr="0" cp="0 0" />
</Bones>
<Animations>
    <Animation name="idle">
        <Key e="0 0 -1196 0 -3 0 0 0 0 0 0 0 0 0 0 0 1 27 9 -3 0 2 69 -203 0 0 3 46 -1 -11 0 4 -605 158 0 0 5 -140 21 0 0 20 57 -108 0 0 " />
        <Key lerp="1" e="2.5 0 -1196 0 -3 0 0 0 0 0 0 0 0 0 0 0 1 27 9 -3 0 2 69 -203 0 0 3 46 -1 -11 0 4 -618 90 15 0 5 -140 21 0 0 20 57 -108 0 0 " />
        <Key lerp="1" e="5.3 0 -1196 0 -3 0 0 0 0 0 0 0 0 0 0 0 1 27 9 -3 0 2 69 -203 0 0 3 46 -1 -11 0 4 -605 158 0 0 5 -140 21 0 0 20 57 -108 0 0 " />
    </Animation>
    <Animation name="open">
        <Key e="0 0 -1196 0 -3 0 0 0 0 0 0 0 0 0 0 0 1 24 11 -3 0 2 69 -203 0 0 3 46 -1 -11 0 4 -605 158 0 0 5 -140 21 0 0 20 74 -113 0 0 " />
        <Key lerp="1" e="5.3 0 -1196 0 -3 0 0 0 0 0 0 0 0 0 0 0 1 24 11 -3 0 2 69 -203 0 0 3 3 219 22 0 4 -605 158 0 0 5 -140 21 0 0 20 -16 3 0 0 " />
    </Animation>
    <Animation name="opened">
        <Key lerp="1" e="0 0 -1196 0 -3 0 0 0 0 0 0 0 0 0 0 0 1 24 11 -3 0 2 69 -203 0 0 3 3 219 22 0 4 -605 158 0 0 5 -140 21 0 0 20 -16 3 0 0 " />
        <Key lerp="1" e="2 0 -1196 0 -3 0 0 0 0 0 0 0 0 0 0 0 1 24 11 -3 0 2 69 -203 0 0 3 0 233 26 0 4 -630 101 13 0 5 -140 21 0 0 20 -16 3 0 0 " />
        <Key lerp="1" e="4.6 0 -1196 0 -3 0 0 0 0 0 0 0 0 0 0 0 1 24 11 -3 0 2 69 -203 0 0 3 3 219 22 0 4 -605 158 0 0 5 -140 21 0 0 20 -16 3 0 0 " />
    </Animation>
</Animations>
