<AnimationLayers>
    <AnimationLayer />
    <AnimationLayer ignore="0 2 3 " />
</AnimationLayers>
<Bones>
    <Bone idx="13" gfx="HellBeast/Shoulder" pidx="-1" name="" fh="0" fv="0" gc="1" cr="0" cp="0 0" />
    <Bone idx="14" gfx="HellBeast/UpperArm" pidx="13" name="" fh="0" fv="0" gc="1" cr="0" cp="0 0" rbp="1" />
    <Bone idx="15" gfx="HellBeast/LowerArm" pidx="14" name="" fh="0" fv="0" gc="1" cr="0" cp="0 0" rbp="1" />
    <Bone idx="16" gfx="HellBeast/HandBack" pidx="15" name="" fh="0" fv="0" gc="1" cr="0" cp="0 0" rbp="1" />
    <Bone idx="17" gfx="HellBeast/UpperLeg" pidx="0" name="UpperLeg2" fh="0" fv="0" gc="1" cr="0" cp="0 0" rbp="1" />
    <Bone idx="18" gfx="HellBeast/LowerLeg" pidx="17" name="" fh="0" fv="0" gc="1" cr="0" cp="0 0" rbp="1" />
    <Bone idx="19" gfx="HellBeast/Foot" pidx="18" name="" fh="0" fv="0" gc="1" cr="0" cp="0 0" rbp="1" />
    <Bone idx="0" gfx="HellBeast/Body" pidx="-1" name="Body" fh="0" fv="0" gc="1" cr="0" cp="0 0" />
    <Bone idx="1" gfx="HellBeast/UpperBody" pidx="0" name="" fh="0" fv="0" gc="1" cr="0" cp="0 0" />
    <Bone idx="9" gfx="HellBeast/Neck" pidx="1" name="" fh="0" fv="0" gc="1" cr="0" cp="0 0" rbp="1" />
    <Bone idx="10" gfx="HellBeast/Head" pidx="-1" name="Head" fh="0" fv="0" gc="1" cr="0" cp="0 0" />
    <Bone idx="11" gfx="HellBeast/Tongue" pidx="10" name="Tongue" fh="0" fv="0" gc="1" cr="0" cp="0 0" rbp="1" prt="0 HellBeastSuck" />
    <Bone idx="12" gfx="HellBeast/Jaw" pidx="10" name="Jaw" fh="0" fv="0" gc="1" cr="0" cp="0 0" rbp="1" />
    <Bone idx="2" gfx="HellBeast/Shoulder" pidx="-1" name="" fh="0" fv="0" gc="1" cr="0" cp="0 0" />
    <Bone idx="6" gfx="HellBeast/UpperLeg" pidx="0" name="UpperLeg" fh="0" fv="0" gc="1" cr="0" cp="0 0" />
    <Bone idx="7" gfx="HellBeast/LowerLeg" pidx="6" name="" fh="0" fv="0" gc="1" cr="0" cp="0 0" rbp="1" />
    <Bone idx="8" gfx="HellBeast/Foot" pidx="7" name="" fh="0" fv="0" gc="1" cr="0" cp="0 0" rbp="1" />
    <Bone idx="3" gfx="HellBeast/UpperArm" pidx="2" name="" fh="0" fv="0" gc="1" cr="0" cp="0 0" rbp="1" />
    <Bone idx="4" gfx="HellBeast/LowerArm" pidx="3" name="" fh="0" fv="0" gc="1" cr="0" cp="0 0" rbp="1" />
    <Bone idx="5" gfx="HellBeast/Hand" pidx="4" name="Hand" fh="0" fv="0" gc="1" cr="0" cp="0 0" rbp="1" />
    <Bone idx="20" gfx="missingImage" pidx="5" name="GrabPoint" fh="0" fv="0" gc="1" cr="0" cp="0 0" />
    <Bone idx="50" gfx="missingImage" pidx="-1" name="PE1" fh="0" fv="0" gc="0" cr="0" rq="0" cp="0 0" prt="0 DustHit" sz="2 2" />
    <Bone idx="51" gfx="missingImage" pidx="-1" name="PE2" fh="0" fv="0" gc="0" cr="0" rq="0" cp="0 0" prt="0 DustHit" sz="2 2" />
    <Bone idx="52" gfx="missingImage" pidx="-1" name="Target" fh="0" fv="0" gc="0" cr="0" rq="0" cp="0 0" sz="2 2" />
</Bones>
<Animations>
    <Animation name="idle">
        <Key cmd="11 AC_PRT_STOP 0" lerp="1" e="0 0 0 0 0 0 1 63 -235 0 0 2 96 -231 63 0 3 45 112 0 0 4 92 139 0 0 5 114 115 0 0 6 22 64 0 0 7 14 106 0 0 8 26 89 3 0 9 171 -5 0 0 10 337 -321 0 0 11 16 92 0 0 12 -4 114 -3 0 13 146 -291 38 0 14 53 125 0 0 15 81 118 0 0 16 102 111 0 0 20 32 10 79 0 17 63 53 0 0 18 15 107 0 0 19 28 83 2 0 50 0 0 0 0 51 0 0 0 0 52 0 0 0 0 " />
        <Key e="0.8 0 13 18 0 0 1 -1 -204 -27 0 2 89 -225 69 0 3 45 112 0 0 4 98 126 -4 0 5 114 115 0 0 6 17 68 -1 0 7 7 94 15 0 8 34 79 -10 0 9 165 -7 0 0 10 250 -372 0 0 11 10 93 28 0 12 -12 119 6 0 13 148 -291 40 0 14 53 125 0 0 15 81 118 0 0 16 102 111 0 0 20 32 10 80 0 17 62 45 0 0 18 13 106 2 0 19 24 83 0 0 50 0 0 0 0 51 0 0 0 0 52 0 0 0 0 " />
        <Key lerp="1" e="1.6 0 0 0 0 0 1 63 -235 0 0 2 96 -231 63 0 3 45 112 0 0 4 92 139 0 0 5 114 115 0 0 6 22 64 0 0 7 14 106 0 0 8 26 89 3 0 9 171 -5 0 0 10 337 -321 0 0 11 16 92 0 0 12 -4 114 -3 0 13 146 -291 38 0 14 53 125 0 0 15 81 118 0 0 16 102 111 0 0 20 32 10 79 0 17 63 53 0 0 18 15 107 0 0 19 28 83 2 0 50 0 0 0 0 51 0 0 0 0 52 0 0 0 0 " />
    </Animation>
    <Animation name="create">
        <Key cmd="11 AC_PRT_STOP 0" e="0 0 0 0 0 0 1 63 -235 0 0 2 96 -231 63 0 3 45 112 0 0 4 92 139 0 0 5 114 115 0 0 6 22 64 0 0 7 14 106 0 0 8 26 89 3 0 9 171 -5 0 0 10 337 -321 0 0 11 16 92 0 0 12 -4 114 -3 0 13 146 -291 38 0 14 53 125 0 0 15 81 118 0 0 16 102 111 0 0 20 32 10 79 0 17 63 53 0 0 18 15 107 0 0 19 28 83 2 0 50 0 0 0 0 51 0 0 0 0 52 0 0 0 0 " />
        <Key cmd="11 AC_PRT_STOP 0" e="0.6 0 0 0 0 0 1 63 -235 0 0 2 96 -231 2 0 3 45 112 -6 0 4 98 124 -20 0 5 114 115 0 0 6 22 64 0 0 7 14 106 0 0 8 26 89 3 0 9 153 -3 15 0 10 347 -271 29 0 11 16 92 0 0 12 1 94 -25 0 13 146 -291 35 0 14 53 125 0 0 15 81 118 0 0 16 102 111 0 0 20 32 10 79 0 17 63 53 0 0 18 15 107 0 0 19 28 83 2 0 50 0 0 0 0 51 0 0 0 0 52 0 0 0 0 " />
        <Key cmd="11 AC_PRT_STOP 0" lerp="2" e="1.4 0 0 0 0 0 1 63 -235 0 0 2 96 -231 2 0 3 45 112 -6 0 4 88 61 -79 0 5 114 115 0 0 6 22 64 0 0 7 14 106 0 0 8 26 89 3 0 9 153 -3 15 0 10 347 -271 34 0 11 16 92 0 0 12 -20 110 5 0 13 146 -291 35 0 14 53 125 0 0 15 81 118 0 0 16 102 111 0 0 20 32 10 79 0 17 63 53 0 0 18 15 107 0 0 19 28 83 2 0 50 0 0 0 0 51 0 0 0 0 52 0 0 0 0 " />
        <Key cmd="11 AC_PRT_STOP 0" lerp="2" e="1.6 0 0 0 0 0 1 63 -235 0 0 2 96 -231 2 0 3 45 112 -6 0 4 88 61 -82 0 5 114 115 0 0 6 22 64 0 0 7 14 106 0 0 8 26 89 3 0 9 153 -3 15 0 10 344 -258 37 0 11 16 92 0 0 12 -20 110 5 0 13 146 -291 35 0 14 53 125 0 0 15 81 118 0 0 16 102 111 0 0 20 32 10 79 0 17 63 53 0 0 18 15 107 0 0 19 28 83 2 0 50 0 0 0 0 51 0 0 0 0 52 0 0 0 0 " />
        <Key cmd="11 AC_PRT_STOP 0" e="1.9 0 0 0 0 0 1 63 -235 0 0 2 96 -231 -13 0 3 56 111 -11 0 4 83 80 -30 0 5 114 115 0 0 6 22 64 0 0 7 14 106 0 0 8 26 89 3 0 9 153 -5 15 0 10 348 -302 12 0 11 -4 109 32 0 12 -35 118 13 0 13 146 -291 35 0 14 53 125 0 0 15 81 118 0 0 16 102 111 0 0 20 32 10 79 0 17 63 53 0 0 18 15 107 0 0 19 28 83 2 0 50 0 0 0 0 51 0 0 0 0 52 0 0 0 0 " />
        <Key cmd="11 AC_PRT_STOP 0" lerp="1" e="2.7 0 0 0 0 0 1 63 -235 0 0 2 96 -231 0 0 3 40 119 3 0 4 72 95 -10 0 5 114 115 0 0 6 22 64 0 0 7 14 106 0 0 8 26 89 3 0 9 170 -17 4 0 10 338 -321 6 0 11 0 87 10 0 12 -13 95 -16 0 13 146 -291 35 0 14 53 125 0 0 15 81 118 0 0 16 102 111 0 0 20 32 10 79 0 17 63 53 0 0 18 15 107 0 0 19 28 83 2 0 50 0 0 0 0 51 0 0 0 0 52 0 0 0 0 " />
        <Key cmd="11 AC_PRT_STOP 0" lerp="1" e="3.8 0 0 0 0 0 1 63 -235 0 0 2 96 -231 63 0 3 45 112 0 0 4 92 139 0 0 5 114 115 0 0 6 22 64 0 0 7 14 106 0 0 8 26 89 3 0 9 171 -5 0 0 10 337 -321 0 0 11 16 92 0 0 12 -4 114 -3 0 13 146 -291 38 0 14 53 125 0 0 15 81 118 0 0 16 102 111 0 0 20 32 10 79 0 17 63 53 0 0 18 15 107 0 0 19 28 83 2 0 50 0 0 0 0 51 0 0 0 0 52 0 0 0 0 " />
    </Animation>
    <Animation name="transform">
        <Key e="0 0 0 23 0 0 1 63 -235 0 0 2 96 -231 27 0 3 79 97 -27 0 4 76 28 -88 0 5 114 115 0 0 6 33 53 -7 0 7 11 99 8 0 8 26 89 3 0 9 166 13 33 0 10 346 -239 36 0 11 16 92 0 0 12 -4 114 -3 0 13 146 -291 38 0 14 51 177 -2 0 15 81 118 0 0 16 102 111 0 0 20 32 10 79 0 17 12 156 38 0 18 1 108 23 0 19 -28 88 75 0 50 0 0 0 0 51 0 0 0 0 52 0 0 0 0 " />
        <Key e="1.8 0 0 35 3 0 1 64 -235 3 0 2 96 -231 27 0 3 64 106 -16 0 4 74 14 -94 0 5 114 115 0 0 6 33 53 -30 0 7 -5 89 30 0 8 26 89 3 0 9 140 -5 20 0 10 349 -221 46 0 11 16 92 0 0 12 -4 114 -3 0 13 146 -291 33 0 14 51 177 -5 0 15 81 118 0 0 16 102 111 0 0 20 32 10 79 0 17 12 151 35 0 18 1 108 23 0 19 -28 88 75 0 50 0 0 0 0 51 0 0 0 0 52 0 0 0 0 " />
        <Key lerp="1" e="3.2 0 0 -10 0 0 1 63 -235 0 0 2 96 -237 63 0 3 45 112 0 0 4 92 139 0 0 5 114 115 0 0 6 22 74 0 0 7 14 106 0 0 8 26 89 3 0 9 171 -5 0 0 10 337 -328 0 0 11 16 92 0 0 12 -4 114 -3 0 13 146 -291 38 0 14 53 125 0 0 15 81 118 0 0 16 102 111 0 0 20 32 10 79 0 17 49 6 -8 0 18 15 107 7 0 19 5 100 46 0 50 0 0 0 0 51 0 0 0 0 52 0 0 0 0 " />
        <Key lerp="1" e="3.5 0 0 0 0 0 1 63 -235 0 0 2 96 -231 63 0 3 45 112 0 0 4 92 139 0 0 5 114 115 0 0 6 22 64 0 0 7 14 106 0 0 8 26 89 3 0 9 171 -5 0 0 10 337 -321 0 0 11 16 92 0 0 12 -4 114 -3 0 13 146 -291 38 0 14 53 125 0 0 15 81 118 0 0 16 102 111 0 0 20 32 10 79 0 17 63 53 0 0 18 15 107 0 0 19 28 83 2 0 50 0 0 0 0 51 0 0 0 0 52 0 0 0 0 " />
    </Animation>
    <Animation name="move">
        <Key e="0 0 0 0 0 0 1 63 -235 0 0 2 96 -231 63 0 3 45 112 0 0 4 92 139 0 0 5 114 115 0 0 6 22 64 0 0 7 14 106 0 0 8 26 89 3 0 9 171 -5 0 0 10 337 -321 0 0 11 16 92 0 0 12 -4 114 -3 0 13 152 -294 40 0 14 53 125 0 0 15 81 118 0 0 16 102 111 0 0 20 32 10 79 0 17 63 53 0 0 18 15 107 0 0 19 28 83 2 0 50 97 273 0 0 51 33 290 0 0 52 0 0 0 0 " />
        <Key e="0.2 0 10 12 0 0 1 -1 -204 -27 0 2 72 -221 69 0 3 45 112 0 0 4 98 126 -4 0 5 114 115 0 0 6 32 39 -26 0 7 7 94 15 0 8 22 84 2 0 9 165 -7 0 0 10 250 -372 0 0 11 10 93 28 0 12 -12 119 6 0 13 152 -294 39 0 14 53 125 0 0 15 81 118 0 0 16 102 111 0 0 20 38 14 84 0 17 -12 58 6 0 18 16 105 0 0 19 26 69 0 0 50 -12 283 0 0 51 32 330 0 0 52 0 0 0 0 " />
        <Key e="0.4 0 0 0 0 0 1 63 -235 0 0 2 96 -231 62 0 3 45 112 0 0 4 92 139 0 0 5 114 115 0 0 6 22 64 0 0 7 14 106 0 0 8 26 89 0 0 9 171 -5 0 0 10 337 -321 0 0 11 16 92 0 0 12 -4 114 -3 0 13 146 -291 42 0 14 53 125 0 0 15 81 118 0 0 16 102 111 0 0 20 34 9 84 0 17 -12 58 38 0 18 16 105 0 0 19 26 69 0 0 50 -114 256 0 0 51 35 328 0 0 52 0 0 0 0 " />
        <Key cmd="51 AC_PRT_START 0" e="0.6 0 0 6 0 0 1 63 -235 0 0 2 96 -231 65 0 3 45 112 0 0 4 92 139 0 0 5 114 115 0 0 6 23 58 0 0 7 14 106 0 0 8 26 89 0 0 9 171 -5 0 0 10 337 -321 0 0 11 16 92 0 0 12 -4 114 -3 0 13 146 -291 34 0 14 53 125 0 0 15 81 118 0 0 16 102 111 0 0 20 34 9 84 0 17 -12 58 38 0 18 16 105 0 0 19 16 87 21 0 50 -114 256 0 0 51 35 328 0 0 52 0 0 0 0 " />
        <Key e="0.8 0 0 0 0 0 1 63 -235 0 0 2 96 -231 63 0 3 45 112 0 0 4 92 139 0 0 5 114 115 0 0 6 22 64 0 0 7 14 106 0 0 8 26 89 3 0 9 171 -5 0 0 10 337 -321 0 0 11 16 92 0 0 12 -4 114 -3 0 13 146 -291 44 0 14 53 125 0 0 15 81 118 0 0 16 102 111 0 0 20 32 10 79 0 17 63 53 0 0 18 15 107 0 0 19 28 83 2 0 50 92 280 0 0 51 35 328 0 0 52 0 0 0 0 " />
        <Key e="1 0 -1 -5 -4 0 1 63 -235 0 0 2 96 -231 43 0 3 45 112 0 0 4 92 139 0 0 5 114 115 0 0 6 -3 75 47 0 7 14 106 0 0 8 42 68 -26 0 9 171 -5 0 0 10 324 -333 0 0 11 16 92 0 0 12 -4 114 -3 0 13 146 -291 62 0 14 53 125 0 0 15 81 118 0 0 16 102 111 0 0 20 34 9 84 0 17 11 42 -21 0 18 16 105 0 0 19 26 69 0 0 50 40 328 0 0 51 35 328 0 0 52 0 0 0 0 " />
        <Key cmd="50 AC_PRT_START 0" e="1.2 0 0 -23 0 0 1 63 -235 0 0 2 94 -239 24 0 3 45 112 0 0 4 92 139 0 0 5 114 115 0 0 6 6 68 37 0 7 14 106 0 0 8 12 91 26 0 9 171 -5 0 0 10 341 -342 0 0 11 16 92 0 0 12 -4 114 -3 0 13 146 -291 63 0 14 53 125 0 0 15 81 118 0 0 16 102 111 0 0 20 34 9 84 0 17 26 110 1 0 18 16 105 0 0 19 26 69 0 0 50 40 328 0 0 51 35 328 0 0 52 0 0 0 0 " />
        <Key e="1.4 0 1 -16 0 0 1 63 -235 0 0 2 90 -246 30 0 3 45 112 0 0 4 92 139 0 0 5 114 115 0 0 6 6 68 37 0 7 14 106 0 0 8 12 91 26 0 9 171 -5 0 0 10 341 -342 0 0 11 16 92 0 0 12 -4 114 -3 0 13 146 -291 50 0 14 53 125 0 0 15 81 118 0 0 16 102 111 0 0 20 34 9 84 0 17 26 102 1 0 18 16 105 0 0 19 26 69 0 0 50 40 328 0 0 51 35 328 0 0 52 0 0 0 0 " />
        <Key e="1.6 0 0 0 0 0 1 63 -235 0 0 2 96 -231 63 0 3 45 112 0 0 4 92 139 0 0 5 114 115 0 0 6 22 64 0 0 7 14 106 0 0 8 26 89 3 0 9 171 -5 0 0 10 337 -321 0 0 11 16 92 0 0 12 -4 114 -3 0 13 152 -294 40 0 14 53 125 0 0 15 81 118 0 0 16 102 111 0 0 20 32 10 79 0 17 63 53 0 0 18 15 107 0 0 19 28 83 2 0 50 40 328 0 0 51 35 303 0 0 52 0 0 0 0 " />
    </Animation>
    <Animation name="attack5">
        <Key e="0 0 0 0 0 0 1 63 -235 0 0 2 96 -231 63 0 3 45 112 0 0 4 92 139 0 0 5 114 115 0 0 6 22 64 0 0 7 14 106 0 0 8 26 89 3 0 9 171 -5 0 0 10 337 -321 0 0 11 16 92 0 0 12 -4 114 -3 0 13 146 -291 38 0 14 53 125 0 0 15 81 118 0 0 16 102 111 0 0 20 32 10 79 0 17 63 53 0 0 18 15 107 0 0 19 28 83 2 0 50 0 0 0 0 51 0 0 0 0 52 0 0 0 0 " />
        <Key lerp="1" e="0.6 0 94 136 24 0 1 63 -235 0 0 2 269 -24 83 0 3 12 102 19 0 4 97 53 -57 0 5 114 115 0 0 6 11 68 18 0 7 0 82 33 0 8 -30 88 73 0 9 147 8 18 0 10 505 59 64 0 11 16 92 0 0 12 -4 114 -3 0 13 277 -16 104 0 14 53 125 0 0 15 81 118 0 0 16 103 114 0 0 20 0 0 0 0 17 41 30 4 0 18 -2 84 34 0 19 -35 85 83 0 50 0 0 0 0 51 0 0 0 0 52 0 0 0 0 " />
        <Key lerp="1" e="0.9 0 94 136 24 0 1 63 -235 0 0 2 278 -31 83 0 3 12 102 19 0 4 97 53 -57 0 5 114 115 0 0 6 11 68 18 0 7 0 82 33 0 8 -30 88 73 0 9 147 8 18 0 10 500 73 69 0 11 16 92 0 0 12 -4 114 -3 0 13 277 -16 92 0 14 53 125 0 0 15 81 118 0 0 16 103 114 0 0 20 0 0 0 0 17 41 30 4 0 18 -2 84 34 0 19 -35 85 83 0 50 0 0 0 0 51 0 0 0 0 52 0 0 0 0 " />
        <Key lerp="1" e="1.2 0 94 136 24 0 1 63 -235 0 0 2 281 13 3 0 3 30 108 14 0 4 85 123 3 0 5 114 115 0 0 6 11 68 18 0 7 0 82 33 0 8 -30 88 73 0 9 147 8 18 0 10 499 37 49 0 11 16 92 0 0 12 -4 114 -3 0 13 277 -16 92 0 14 53 125 0 0 15 81 118 0 0 16 103 114 0 0 20 32 26 68 0 17 41 30 4 0 18 -2 84 34 0 19 -35 85 83 0 50 0 0 0 0 51 0 0 0 0 52 0 0 0 0 " />
        <Key e="1.4 0 94 136 24 0 1 63 -235 0 0 2 286 25 3 0 3 30 108 14 0 4 85 123 3 0 5 114 115 0 0 6 11 68 18 0 7 0 82 33 0 8 -30 88 73 0 9 147 8 18 0 10 499 37 49 0 11 16 92 0 0 12 -4 114 -3 0 13 277 -16 92 0 14 53 125 0 0 15 81 118 0 0 16 103 114 0 0 20 32 26 68 0 17 41 30 4 0 18 -2 84 34 0 19 -35 85 83 0 50 0 0 0 0 51 0 0 0 0 52 0 0 0 0 " />
        <Key e="1.7 0 94 136 24 0 1 63 -235 0 0 2 262 -25 83 0 3 12 102 19 0 4 97 53 -57 0 5 114 115 0 0 6 11 68 18 0 7 0 82 33 0 8 -30 88 73 0 9 147 8 18 0 10 499 37 49 0 11 16 92 0 0 12 -4 114 -3 0 13 277 -16 92 0 14 53 125 0 0 15 81 118 0 0 16 103 114 0 0 20 32 26 68 0 17 41 30 4 0 18 -2 84 34 0 19 -35 85 83 0 50 0 0 0 0 51 0 0 0 0 52 0 0 0 0 " />
        <Key e="1.9 0 0 0 0 0 1 63 -235 0 0 2 96 -231 63 0 3 45 112 0 0 4 92 139 0 0 5 114 115 0 0 6 22 64 0 0 7 14 106 0 0 8 26 89 3 0 9 171 -5 0 0 10 337 -321 0 0 11 16 92 0 0 12 -4 114 -3 0 13 146 -291 38 0 14 53 125 0 0 15 81 118 0 0 16 102 111 0 0 20 32 10 79 0 17 63 53 0 0 18 15 107 0 0 19 28 83 2 0 50 0 0 0 0 51 0 0 0 0 52 0 0 0 0 " />
    </Animation>
    <Animation name="godown">
        <Key e="0 0 0 0 0 0 1 63 -235 0 0 2 96 -231 62 0 3 45 112 0 0 4 92 139 0 0 5 114 115 0 0 6 22 64 0 0 7 14 106 0 0 8 26 89 0 0 9 171 -5 0 0 10 337 -321 0 0 11 16 92 0 0 12 -4 114 -3 0 13 0 0 0 0 14 0 0 0 0 15 0 0 0 0 16 0 0 0 0 20 0 0 0 0 17 0 0 0 0 18 0 0 0 0 19 0 0 0 0 50 0 0 0 0 51 0 0 0 0 52 0 0 0 0 " />
        <Key e="0.2 0 16 11 0 0 1 -1 -204 -27 0 2 89 -225 69 0 3 45 112 0 0 4 98 126 -4 0 5 114 115 0 0 6 37 46 -36 0 7 7 94 15 0 8 34 79 -10 0 9 165 -7 0 0 10 256 -376 0 0 11 10 93 28 0 12 -12 119 6 0 13 0 0 0 0 14 0 0 0 0 15 0 0 0 0 16 0 0 0 0 20 0 0 0 0 17 0 0 0 0 18 0 0 0 0 19 0 0 0 0 50 0 0 0 0 51 0 0 0 0 52 0 0 0 0 " />
        <Key e="0.4 0 15 19 1 0 1 -1 -204 -27 0 2 89 -225 69 0 3 45 112 0 0 4 98 126 -4 0 5 114 115 0 0 6 28 73 9 0 7 37 101 -17 0 8 19 103 12 0 9 165 -7 0 0 10 261 -366 0 0 11 10 93 28 0 12 -12 119 6 0 13 0 0 0 0 14 0 0 0 0 15 0 0 0 0 16 0 0 0 0 20 0 0 0 0 17 0 0 0 0 18 0 0 0 0 19 0 0 0 0 50 0 0 0 0 51 0 0 0 0 52 0 0 0 0 " />
        <Key e="0.6 0 0 0 0 0 1 63 -235 0 0 2 96 -231 62 0 3 45 112 0 0 4 92 139 0 0 5 114 115 0 0 6 22 64 0 0 7 14 106 0 0 8 26 89 0 0 9 171 -5 0 0 10 337 -321 0 0 11 16 92 0 0 12 -4 114 -3 0 13 0 0 0 0 14 0 0 0 0 15 0 0 0 0 16 0 0 0 0 20 0 0 0 0 17 0 0 0 0 18 0 0 0 0 19 0 0 0 0 50 0 0 0 0 51 0 0 0 0 52 0 0 0 0 " />
        <Key e="0.8 0 1 -6 -8 0 1 63 -235 0 0 2 96 -231 62 0 3 45 112 0 0 4 92 139 0 0 5 114 115 0 0 6 1 64 51 0 7 14 106 0 0 8 39 89 -17 0 9 171 -5 0 0 10 301 -358 0 0 11 16 92 0 0 12 -4 114 -3 0 13 0 0 0 0 14 0 0 0 0 15 0 0 0 0 16 0 0 0 0 20 0 0 0 0 17 0 0 0 0 18 0 0 0 0 19 0 0 0 0 50 0 0 0 0 51 0 0 0 0 52 0 0 0 0 " />
        <Key e="1 0 0 0 0 0 1 63 -235 0 0 2 96 -231 62 0 3 45 112 0 0 4 92 139 0 0 5 114 115 0 0 6 22 64 0 0 7 14 106 0 0 8 26 89 0 0 9 171 -5 0 0 10 337 -321 0 0 11 16 92 0 0 12 -4 114 -3 0 13 0 0 0 0 14 0 0 0 0 15 0 0 0 0 16 0 0 0 0 20 0 0 0 0 17 0 0 0 0 18 0 0 0 0 19 0 0 0 0 50 0 0 0 0 51 0 0 0 0 52 0 0 0 0 " />
    </Animation>
    <Animation name="pain">
        <Key cmd="11 AC_PRT_STOP 0" e="0 0 0 0 0 0 1 63 -235 0 0 2 96 -231 63 0 3 45 112 0 0 4 92 139 0 0 5 114 115 0 0 6 22 64 0 0 7 14 106 0 0 8 26 89 3 0 9 171 -5 0 0 10 337 -321 0 0 11 16 92 0 0 12 -4 114 -3 0 13 146 -291 38 0 14 53 125 0 0 15 81 118 0 0 16 102 111 0 0 20 32 10 79 0 17 63 53 0 0 18 15 107 0 0 19 28 83 2 0 50 0 0 0 0 51 0 0 0 0 52 0 0 0 0 " />
        <Key e="0.1 0 0 0 0 0 1 63 -235 0 0 2 96 -231 62 0 3 45 112 0 0 4 92 139 0 0 5 114 115 0 0 6 22 64 0 0 7 14 106 0 0 8 26 89 0 0 9 171 -5 0 0 10 331 -333 -16 0 11 16 92 0 0 12 -4 114 -3 0 13 146 -291 38 0 14 53 125 0 0 15 81 118 0 0 16 102 111 0 0 20 0 0 0 0 17 63 53 0 0 18 15 107 0 0 19 28 83 2 0 50 0 0 0 0 51 0 0 0 0 52 0 0 0 0 " />
        <Key e="0.2 0 25 11 -17 0 1 63 -235 0 0 2 74 -232 49 0 3 45 112 0 0 4 92 139 0 0 5 114 115 0 0 6 12 75 25 0 7 14 106 0 0 8 26 89 0 0 9 171 -5 0 0 10 274 -401 -29 0 11 18 97 29 0 12 -27 132 33 0 13 146 -291 26 0 14 53 125 0 0 15 81 118 0 0 16 102 111 0 0 20 0 0 0 0 17 59 55 20 0 18 15 107 0 0 19 28 83 2 0 50 0 0 0 0 51 0 0 0 0 52 0 0 0 0 " />
        <Key e="0.4 0 22 13 -17 0 1 4 -159 -47 0 2 19 -196 49 0 3 45 112 0 0 4 92 139 0 0 5 114 115 0 0 6 12 75 25 0 7 14 106 0 0 8 26 89 0 0 9 172 -5 0 0 10 75 -420 -69 0 11 18 97 29 0 12 -27 132 33 0 13 55 -229 37 0 14 53 125 0 0 15 81 118 0 0 16 102 111 0 0 20 0 0 0 0 17 59 55 20 0 18 15 107 0 0 19 28 83 2 0 50 0 0 0 0 51 0 0 0 0 52 0 0 0 0 " />
        <Key e="0.9 0 21 -1 -24 0 1 -12 -152 -47 0 2 2 -193 49 0 3 45 112 0 0 4 92 139 0 0 5 114 115 0 0 6 -1 84 38 0 7 14 106 0 0 8 36 82 -16 0 9 172 37 32 0 10 32 -408 -90 0 11 18 97 29 0 12 -40 124 57 0 13 69 -220 37 0 14 53 125 0 0 15 81 118 0 0 16 102 111 0 0 20 0 0 0 0 17 46 79 31 0 18 15 107 0 0 19 28 83 2 0 50 0 0 0 0 51 0 0 0 0 52 0 0 0 0 " />
        <Key e="1.5 0 17 14 -17 0 1 63 -235 0 0 2 74 -232 49 0 3 45 112 0 0 4 92 139 0 0 5 114 115 0 0 6 12 75 25 0 7 14 106 0 0 8 26 89 0 0 9 171 -5 0 0 10 306 -372 -4 0 11 18 97 29 0 12 -16 112 5 0 13 146 -291 38 0 14 53 125 0 0 15 81 118 0 0 16 0 0 0 0 20 0 0 0 0 17 59 55 20 0 18 15 107 0 0 19 28 83 2 0 50 0 0 0 0 51 0 0 0 0 52 0 0 0 0 " />
    </Animation>
    <Animation name="attack1">
        <Key e="0 0 0 0 0 0 1 63 -235 0 0 2 96 -231 63 0 3 45 112 0 0 4 92 139 0 0 5 114 115 0 0 6 22 64 0 0 7 14 106 0 0 8 26 89 3 0 9 171 -5 0 0 10 337 -321 0 0 11 16 92 0 0 12 -4 114 -3 0 13 146 -291 38 0 14 53 125 0 0 15 81 118 0 0 16 102 111 0 0 20 32 10 79 0 17 63 53 0 0 18 15 107 0 0 19 28 83 2 0 50 0 0 0 0 51 0 0 0 0 52 0 0 0 0 " />
        <Key e="0.5 0 -42 55 -9 0 1 63 -235 0 0 2 29 -206 63 0 3 45 112 0 0 4 92 139 0 0 5 114 115 0 0 6 37 50 -28 0 7 -9 78 42 0 8 26 89 0 0 9 171 -5 0 0 10 265 -275 15 0 11 16 92 0 0 12 -4 114 -3 0 13 55 -231 47 0 14 53 125 0 0 15 81 118 0 0 16 102 111 0 0 20 0 0 0 0 17 63 53 -37 0 18 -5 74 42 0 19 15 94 15 0 50 0 0 0 0 51 0 0 0 0 52 0 0 0 0 " />
        <Key e="0.9 0 -43 55 -9 0 1 63 -235 7 0 2 29 -206 78 0 3 45 112 0 0 4 92 139 0 0 5 114 115 0 0 6 37 50 -28 0 7 -9 78 42 0 8 26 89 0 0 9 171 -5 0 0 10 271 -224 41 0 11 19 62 13 0 12 -4 106 -22 0 13 72 -232 60 0 14 53 125 0 0 15 81 118 0 0 16 102 111 0 0 20 0 0 0 0 17 63 53 -37 0 18 -5 74 42 0 19 15 94 15 0 50 0 0 0 0 51 0 0 0 0 52 0 0 0 0 " />
        <Key e="1.1 0 411 -52 -5 0 1 72 -227 7 0 2 481 -272 112 0 3 45 112 0 0 4 92 139 0 0 5 113 115 0 0 6 -8 85 34 0 7 18 117 -10 0 8 -33 92 78 0 9 171 -5 0 0 10 725 -365 -5 0 11 12 101 30 0 12 -4 106 -22 0 13 460 -290 98 0 14 53 125 0 0 15 81 118 0 0 16 102 111 0 0 20 0 0 0 0 17 26 83 30 0 18 15 107 0 0 19 -29 106 65 0 50 0 0 0 0 51 0 0 0 0 52 0 0 0 0 " />
        <Key e="1.3 0 525 -50 -5 0 1 17 -219 -21 0 2 603 -273 112 0 3 45 112 0 0 4 92 139 0 0 5 113 115 0 0 6 -8 85 34 0 7 18 117 -10 0 8 -33 92 78 0 9 171 -5 0 0 10 768 -443 -5 0 11 12 101 30 0 12 -4 106 -22 0 13 566 -266 104 0 14 53 125 0 0 15 81 118 0 0 16 102 111 0 0 20 0 0 0 0 17 38 93 39 0 18 15 107 0 0 19 8 92 32 0 50 0 0 0 0 51 0 0 0 0 52 0 0 0 0 " />
        <Key e="1.5 0 287 -56 -5 0 1 -22 -169 -43 0 2 288 -267 81 0 3 45 112 0 0 4 92 139 0 0 5 113 115 0 0 6 4 77 20 0 7 18 117 -10 0 8 -33 92 78 0 9 171 -5 0 0 10 437 -467 -5 0 11 12 101 30 0 12 -10 120 14 0 13 273 -269 61 0 14 53 125 0 0 15 81 118 0 0 16 102 111 0 0 20 0 0 0 0 17 63 53 0 0 18 15 107 0 0 19 28 83 2 0 50 0 0 0 0 51 0 0 0 0 52 0 0 0 0 " />
        <Key e="1.7 0 244 -39 -48 0 1 50 -244 1 0 2 122 -262 60 0 3 45 112 0 0 4 92 139 0 0 5 113 115 0 0 6 4 77 20 0 7 18 117 -10 0 8 -33 92 78 0 9 171 -5 0 0 10 288 -475 -5 0 11 12 101 30 0 12 -10 120 14 0 13 146 -291 56 0 14 53 125 0 0 15 81 118 0 0 16 102 111 0 0 20 0 0 0 0 17 63 53 0 0 18 15 107 0 0 19 28 83 2 0 50 0 0 0 0 51 0 0 0 0 52 0 0 0 0 " />
        <Key e="1.9 0 11 2 -18 0 1 63 -235 0 0 2 48 -243 50 0 3 45 112 0 0 4 92 139 0 0 5 114 115 0 0 6 22 64 0 0 7 14 106 0 0 8 26 89 0 0 9 171 -5 0 0 10 261 -384 0 0 11 16 92 0 0 12 -7 103 -10 0 13 128 -282 45 0 14 53 125 0 0 15 81 118 0 0 16 102 111 0 0 20 0 0 0 0 17 63 53 31 0 18 15 107 0 0 19 28 83 2 0 50 0 0 0 0 51 0 0 0 0 52 0 0 0 0 " />
        <Key e="2.2 0 0 0 0 0 1 63 -235 0 0 2 96 -231 62 0 3 45 112 0 0 4 92 139 0 0 5 114 115 0 0 6 22 64 0 0 7 14 106 0 0 8 26 89 0 0 9 171 -5 0 0 10 337 -321 0 0 11 16 92 0 0 12 -4 114 -3 0 13 146 -291 38 0 14 53 125 0 0 15 81 118 0 0 16 102 111 0 0 20 0 0 0 0 17 63 53 0 0 18 15 107 0 0 19 28 83 2 0 50 0 0 0 0 51 0 0 0 0 52 0 0 0 0 " />
    </Animation>
    <Animation name="attack2">
        <Key e="0 0 0 0 0 0 1 63 -235 0 0 2 96 -231 63 0 3 45 112 0 0 4 92 139 0 0 5 114 115 0 0 6 22 64 0 0 7 14 106 0 0 8 26 89 3 0 9 171 -5 0 0 10 337 -321 0 0 11 16 92 0 0 12 -4 114 -3 0 13 146 -291 37 0 14 53 125 0 0 15 81 118 0 0 16 102 111 0 0 20 32 10 79 0 17 63 53 0 0 18 15 107 0 0 19 28 83 2 0 50 0 0 0 0 51 0 0 0 0 52 0 0 0 0 " />
        <Key lerp="1" e="0.4 0 0 0 0 0 1 63 -235 3 0 2 96 -231 56 0 3 28 117 14 0 4 91 58 -58 0 5 114 115 0 0 6 22 64 0 0 7 14 106 0 0 8 26 89 0 0 9 171 -5 0 0 10 345 -295 5 0 11 16 92 0 0 12 -4 114 -3 0 13 146 -291 38 0 14 53 125 0 0 15 81 118 0 0 16 102 111 0 0 20 0 0 0 0 17 63 53 0 0 18 15 107 0 0 19 28 83 2 0 50 0 0 0 0 51 0 0 0 0 52 0 0 0 0 " />
        <Key lerp="1" e="0.7 0 0 0 0 0 1 63 -235 0 0 2 96 -231 -36 0 3 28 117 14 0 4 92 121 -8 0 5 131 87 -33 0 6 22 64 0 0 7 14 106 0 0 8 26 89 0 0 9 171 -5 0 0 10 337 -321 0 0 11 16 92 0 0 12 -4 114 -3 0 13 146 -291 57 0 14 53 125 0 0 15 81 118 0 0 16 102 111 0 0 20 0 0 0 0 17 63 53 0 0 18 15 107 0 0 19 28 83 2 0 50 0 0 0 0 51 0 0 0 0 52 0 0 0 0 " />
        <Key e="0.8 0 0 0 0 0 1 63 -235 0 0 2 96 -231 -36 0 3 28 117 14 0 4 92 121 -8 0 5 131 87 -33 0 6 22 64 0 0 7 14 106 0 0 8 26 89 0 0 9 171 -5 0 0 10 337 -321 0 0 11 16 92 0 0 12 -4 114 -3 0 13 146 -291 57 0 14 53 125 0 0 15 81 118 0 0 16 102 111 0 0 20 0 0 0 0 17 63 53 0 0 18 15 107 0 0 19 28 83 2 0 50 0 0 0 0 51 0 0 0 0 52 0 0 0 0 " />
        <Key e="1.2 0 0 0 0 0 1 63 -235 0 0 2 96 -231 31 0 3 28 117 14 0 4 92 121 -8 0 5 131 87 -33 0 6 22 64 0 0 7 14 106 0 0 8 26 89 0 0 9 171 -5 0 0 10 337 -321 0 0 11 16 92 0 0 12 -4 114 -3 0 13 146 -291 38 0 14 53 125 0 0 15 81 118 0 0 16 102 111 0 0 20 0 0 0 0 17 63 53 0 0 18 15 107 0 0 19 28 83 2 0 50 0 0 0 0 51 0 0 0 0 52 0 0 0 0 " />
    </Animation>
    <Animation name="attack3">
        <Key e="0 0 0 0 0 0 1 63 -235 0 0 2 96 -231 63 0 3 45 112 0 0 4 92 139 0 0 5 114 115 0 0 6 22 64 0 0 7 14 106 0 0 8 26 89 3 0 9 171 -5 0 0 10 337 -321 0 0 11 16 92 0 0 12 -4 114 -3 0 13 146 -291 38 0 14 53 125 0 0 15 81 118 0 0 16 102 111 0 0 20 32 10 79 0 17 63 53 0 0 18 15 107 0 0 19 28 83 2 0 50 0 0 0 0 51 0 0 0 0 52 0 0 0 0 " />
        <Key e="0.3 0 8 -24 -7 0 1 63 -235 0 0 2 50 -255 67 0 3 61 105 -16 0 4 92 139 0 0 5 114 115 0 0 6 31 47 -55 0 7 -2 86 30 0 8 26 89 0 0 9 171 -5 0 0 10 294 -380 -8 0 11 16 92 0 0 12 -4 114 -3 0 13 146 -291 61 0 14 53 125 0 0 15 81 118 0 0 16 102 111 0 0 20 0 0 0 0 17 51 80 8 0 18 15 107 0 0 19 28 83 2 0 50 0 0 0 0 51 0 0 0 0 52 0 0 0 0 " />
        <Key lerp="1" e="0.6 0 8 -34 -7 0 1 63 -235 0 0 2 52 -254 69 0 3 61 105 -16 0 4 92 139 0 0 5 114 115 0 0 6 31 47 -55 0 7 -2 86 30 0 8 26 89 0 0 9 171 -5 0 0 10 331 -355 29 0 11 16 92 0 0 12 -3 106 -25 0 13 146 -291 61 0 14 53 125 0 0 15 81 118 0 0 16 102 111 0 0 20 0 0 0 0 17 50 88 8 0 18 15 107 0 0 19 28 83 2 0 50 0 0 0 0 51 0 0 0 0 52 0 0 0 0 " />
        <Key e="0.7 0 85 65 -31 0 1 63 -235 0 0 2 63 -192 69 0 3 61 105 -16 0 4 92 139 0 0 5 114 115 0 0 6 14 81 9 0 7 54 103 -37 0 8 -34 109 61 0 9 171 -5 0 0 10 284 -310 29 0 11 16 92 0 0 12 -3 105 -15 0 13 146 -291 61 0 14 53 125 0 0 15 81 118 0 0 16 102 111 0 0 20 0 0 0 0 17 -9 -7 60 0 18 15 107 0 0 19 37 69 -21 0 50 0 0 0 0 51 0 0 0 0 52 0 0 0 0 " />
        <Key e="1 0 85 65 -31 0 1 63 -235 0 0 2 63 -192 69 0 3 61 105 -16 0 4 92 139 0 0 5 114 115 0 0 6 14 81 9 0 7 54 103 -37 0 8 -34 109 61 0 9 171 -5 0 0 10 279 -330 19 0 11 16 92 0 0 12 -4 114 -3 0 13 146 -291 61 0 14 53 125 0 0 15 81 118 0 0 16 102 111 0 0 20 0 0 0 0 17 -9 -7 60 0 18 15 107 0 0 19 37 69 -21 0 50 0 0 0 0 51 0 0 0 0 52 0 0 0 0 " />
        <Key e="1.3 0 0 0 0 0 1 63 -235 0 0 2 96 -231 63 0 3 45 112 0 0 4 92 139 0 0 5 114 115 0 0 6 22 64 0 0 7 14 106 0 0 8 26 89 3 0 9 171 -5 0 0 10 337 -321 0 0 11 16 92 0 0 12 -4 114 -3 0 13 146 -291 38 0 14 53 125 0 0 15 81 118 0 0 16 102 111 0 0 20 32 10 79 0 17 63 53 0 0 18 15 107 0 0 19 28 83 2 0 50 0 0 0 0 51 0 0 0 0 52 0 0 0 0 " />
    </Animation>
    <Animation name="attack4">
        <Key cmd="11 AC_PRT_STOP 0" e="0 0 0 0 0 0 1 63 -235 0 0 2 96 -231 63 0 3 45 112 0 0 4 92 139 0 0 5 114 115 0 0 6 22 64 0 0 7 14 106 0 0 8 26 89 3 0 9 171 -5 0 0 10 337 -321 0 0 11 16 92 0 0 12 -4 114 -3 0 13 146 -291 39 0 14 53 125 0 0 15 81 118 0 0 16 102 111 0 0 20 32 10 90 0 17 63 53 0 0 18 15 107 0 0 19 28 83 2 0 50 0 0 0 0 51 0 0 0 0 52 0 0 0 0 " />
        <Key cmd="11 AC_PRT_START 0" e="0.4 0 0 0 -14 0 1 63 -235 0 0 2 82 -248 53 0 3 45 112 0 0 4 92 139 0 0 5 114 115 0 0 6 10 80 32 0 7 49 100 -36 0 8 4 95 22 0 9 171 -5 0 0 10 295 -349 16 0 11 -12 110 44 0 12 -31 126 25 0 13 146 -291 47 0 14 53 125 0 0 15 81 118 0 0 16 102 111 0 0 20 0 0 0 0 17 63 53 25 0 18 24 119 -19 0 19 15 99 20 0 50 0 0 0 0 51 0 0 0 0 52 0 0 0 0 " />
        <Key e="4.6 0 0 0 -14 0 1 58 -237 2 0 2 82 -248 53 0 3 45 112 0 0 4 92 139 0 0 5 114 115 0 0 6 10 80 32 0 7 49 100 -36 0 8 4 95 22 0 9 171 -5 50 0 10 295 -325 12 0 11 -18 111 44 0 12 -40 126 25 0 13 146 -291 43 0 14 53 125 0 0 15 81 118 0 0 16 102 111 0 0 20 0 0 0 0 17 63 53 25 0 18 24 119 -19 0 19 15 99 20 0 50 0 0 0 0 51 0 0 0 0 52 0 0 0 0 " />
    </Animation>
    <Animation name="acidspray">
        <Key e="0 0 0 0 0 0 1 63 -235 0 0 2 96 -231 63 0 3 45 112 0 0 4 92 139 0 0 5 114 115 0 0 6 22 64 0 0 7 14 106 0 0 8 26 89 3 0 9 171 -5 0 0 10 337 -321 0 0 11 16 92 0 0 12 -4 114 -3 0 13 146 -291 38 0 14 53 125 0 0 15 81 118 0 0 16 102 111 0 0 20 32 10 79 0 17 63 53 0 0 18 15 107 0 0 19 28 83 2 0 50 0 0 0 0 51 0 0 0 0 52 442 -221 0 0 " />
        <Key lerp="1" e="0.6 0 0 0 -3 0 1 42 -226 -9 0 2 82 -234 62 0 3 45 112 0 0 4 92 139 0 0 5 114 115 0 0 6 22 64 7 0 7 14 106 0 0 8 26 89 0 0 9 131 2 0 0 10 290 -288 26 0 11 16 92 0 0 12 -3 101 -17 0 13 146 -291 38 0 14 53 125 0 0 15 81 118 0 0 16 102 111 0 0 20 0 0 0 0 17 63 53 5 0 18 15 107 0 0 19 28 83 2 0 50 0 0 0 0 51 0 0 0 0 52 369 -132 0 0 " />
        <Key lerp="1" e="0.7 0 0 0 -3 0 1 42 -226 -9 0 2 82 -234 62 0 3 45 112 0 0 4 92 139 0 0 5 114 115 0 0 6 22 64 7 0 7 14 106 0 0 8 26 89 0 0 9 131 2 0 0 10 290 -288 26 0 11 16 92 0 0 12 -3 101 -17 0 13 146 -291 41 0 14 53 125 0 0 15 81 118 0 0 16 102 111 0 0 20 0 0 0 0 17 63 53 5 0 18 15 107 0 0 19 28 83 2 0 50 0 0 0 0 51 0 0 0 0 52 369 -132 0 0 " />
        <Key lerp="1" e="1.3 0 0 0 -4 0 1 63 -235 0 0 2 96 -231 65 0 3 45 112 0 0 4 92 139 0 0 5 114 115 0 0 6 21 69 9 0 7 14 106 0 0 8 26 89 0 0 9 151 1 -22 0 10 236 -373 -45 0 11 1 100 6 0 12 -25 114 22 0 13 146 -291 45 0 14 53 125 0 0 15 81 118 0 0 16 102 111 0 0 20 0 0 0 0 17 63 53 5 0 18 15 107 0 0 19 28 83 2 0 50 0 0 0 0 51 0 0 0 0 52 413 -351 0 0 " />
        <Key e="2.9 0 0 0 -4 0 1 63 -235 0 0 2 96 -231 65 0 3 45 112 0 0 4 92 139 0 0 5 114 115 0 0 6 21 69 9 0 7 14 106 0 0 8 26 89 0 0 9 171 -5 21 0 10 320 -336 -3 0 11 -12 110 7 0 12 -31 126 25 0 13 146 -291 45 0 14 53 125 0 0 15 81 118 0 0 16 102 111 0 0 20 0 0 0 0 17 63 53 5 0 18 15 107 0 0 19 28 83 2 0 50 0 0 0 0 51 0 0 0 0 52 441 -204 0 0 " />
        <Key e="3.7 0 -1 -1 -4 0 1 60 -234 0 0 2 96 -231 65 0 3 45 112 0 0 4 92 139 0 0 5 114 115 0 0 6 22 70 9 0 7 14 106 0 0 8 26 89 0 0 9 171 -5 0 0 10 335 -316 8 0 11 -12 110 44 0 12 -31 126 25 0 13 146 -291 45 0 14 53 125 0 0 15 81 118 0 0 16 102 111 0 0 20 0 0 0 0 17 63 53 5 0 18 15 107 0 0 19 28 83 2 0 50 0 0 0 0 51 0 0 0 0 52 439 -132 0 0 " />
        <Key e="4.2 0 -1 -1 -4 0 1 60 -234 0 0 2 96 -231 65 0 3 45 112 0 0 4 92 139 0 0 5 114 115 0 0 6 22 70 9 0 7 14 106 0 0 8 26 89 0 0 9 174 -6 9 0 10 348 -296 18 0 11 -12 110 44 0 12 -31 126 25 0 13 146 -291 45 0 14 53 125 0 0 15 81 118 0 0 16 102 111 0 0 20 0 0 0 0 17 63 53 5 0 18 15 107 0 0 19 28 83 2 0 50 0 0 0 0 51 0 0 0 0 52 424 -93 0 0 " />
        <Key e="4.4 0 -1 -1 -4 0 1 60 -234 0 0 2 96 -231 65 0 3 45 112 0 0 4 92 139 0 0 5 114 115 0 0 6 22 70 9 0 7 14 106 0 0 8 26 89 0 0 9 174 -6 9 0 10 348 -296 18 0 11 -12 110 44 0 12 -31 126 25 0 13 146 -291 45 0 14 53 125 0 0 15 81 118 0 0 16 102 111 0 0 20 0 0 0 0 17 63 53 5 0 18 15 107 0 0 19 28 83 2 0 50 0 0 0 0 51 0 0 0 0 52 424 -93 0 0 " />
    </Animation>
    <Animation name="holding">
        <Key e="0 0 0 0 0 0 1 63 -235 0 0 2 96 -231 -36 0 3 28 117 14 0 4 92 121 -8 0 5 131 87 -33 0 6 22 64 0 0 7 14 106 0 0 8 26 89 0 0 9 171 -5 0 0 10 337 -321 0 0 11 16 92 0 0 12 -4 114 -3 0 13 78 -208 43 0 14 5 22 0 0 15 15 30 0 0 16 14 -19 0 0 20 17 23 65 0 17 61 70 0 0 18 16 99 0 0 19 25 80 0 0 50 0 0 0 0 51 0 0 0 0 52 0 0 0 0 " />
        <Key lerp="1" e="2.2 0 0 0 0 0 1 63 -235 0 0 2 96 -231 -12 0 3 28 117 14 0 4 105 94 -36 0 5 131 87 -33 0 6 22 64 0 0 7 14 106 0 0 8 26 89 0 0 9 171 -5 0 0 10 363 -299 16 0 11 -17 115 44 0 12 -44 127 24 0 13 0 0 0 0 14 0 0 0 0 15 0 0 0 0 16 0 0 0 0 20 17 23 65 0 17 61 70 0 0 18 16 99 0 0 19 25 80 0 0 50 0 0 0 0 51 0 0 0 0 52 0 0 0 0 " />
        <Key e="4 0 0 0 0 0 1 63 -235 0 0 2 96 -231 10 0 3 49 111 -12 0 4 101 78 -55 0 5 131 87 -33 0 6 22 64 0 0 7 14 106 0 0 8 26 89 0 0 9 171 -5 0 0 10 367 -294 16 0 11 -17 115 44 0 12 -44 127 24 0 13 0 0 0 0 14 0 0 0 0 15 0 0 0 0 16 0 0 0 0 20 17 23 65 0 17 61 70 0 0 18 16 99 0 0 19 25 80 0 0 50 0 0 0 0 51 0 0 0 0 52 0 0 0 0 " />
        <Key e="4.2 0 0 0 0 0 1 84 -243 0 0 2 96 -231 10 0 3 64 105 -24 0 4 101 78 -55 0 5 131 87 -33 0 6 22 64 0 0 7 14 106 0 0 8 26 89 0 0 9 172 -1 0 0 10 379 -297 16 0 11 -13 88 24 0 12 -34 110 31 0 13 0 0 0 0 14 0 0 0 0 15 0 0 0 0 16 0 0 0 0 20 61 -5 65 0 17 61 70 0 0 18 16 99 0 0 19 25 80 0 0 50 0 0 0 0 51 0 0 0 0 52 0 0 0 0 " />
        <Key e="4.4 0 0 0 0 0 1 84 -243 0 0 2 96 -231 10 0 3 64 105 -24 0 4 101 78 -55 0 5 131 87 -33 0 6 22 64 0 0 7 14 106 0 0 8 26 89 0 0 9 172 -1 0 0 10 385 -304 8 0 11 -13 88 -3 0 12 -25 101 -23 0 13 0 0 0 0 14 0 0 0 0 15 0 0 0 0 16 0 0 0 0 20 139 -11 65 0 17 61 70 0 0 18 16 99 0 0 19 25 80 0 0 50 0 0 0 0 51 0 0 0 0 52 0 0 0 0 " />
        <Key lerp="1" e="4.6 0 0 0 0 0 1 79 -244 0 0 2 96 -231 36 0 3 64 105 -24 0 4 101 78 -55 0 5 131 87 -33 0 6 22 64 0 0 7 14 106 0 0 8 26 89 0 0 9 172 -1 0 0 10 372 -314 4 0 11 -13 88 -3 0 12 -21 95 -8 0 13 0 0 0 0 14 0 0 0 0 15 0 0 0 0 16 0 0 0 0 20 249 -25 65 0 17 61 70 0 0 18 16 99 0 0 19 25 80 0 0 50 0 0 0 0 51 0 0 0 0 52 0 0 0 0 " />
        <Key e="4.8 0 0 0 0 0 1 84 -243 0 0 2 96 -231 47 0 3 64 105 -24 0 4 101 78 -55 0 5 131 87 -33 0 6 22 64 0 0 7 14 106 0 0 8 26 89 0 0 9 172 -1 0 0 10 385 -304 8 0 11 -13 88 -3 0 12 -25 101 -23 0 13 0 0 0 0 14 0 0 0 0 15 0 0 0 0 16 0 0 0 0 20 298 -44 65 0 17 61 70 0 0 18 16 99 0 0 19 25 80 0 0 50 0 0 0 0 51 0 0 0 0 52 0 0 0 0 " />
        <Key e="5 0 0 0 0 0 1 79 -244 0 0 2 96 -231 36 0 3 64 105 -24 0 4 101 78 -55 0 5 131 87 -33 0 6 22 64 0 0 7 14 106 0 0 8 26 89 0 0 9 172 -1 0 0 10 372 -314 4 0 11 -13 88 12 0 12 -26 113 11 0 13 0 0 0 0 14 0 0 0 0 15 0 0 0 0 16 0 0 0 0 20 176 100 180 0 17 61 70 0 0 18 16 99 0 0 19 25 80 0 0 50 0 0 0 0 51 0 0 0 0 52 0 0 0 0 " />
    </Animation>
    <Animation name="done">
        <Key cmd="11 AC_PRT_STOP 0" e="0 0 95 126 14 0 1 -21 -146 -47 0 2 151 -48 87 0 3 45 112 0 0 4 84 111 -14 0 5 114 115 0 0 6 26 70 -14 0 7 0 75 68 0 8 -39 82 85 0 9 185 17 20 0 10 369 -76 58 0 11 26 65 -3 0 12 11 89 -20 0 13 154 14 0 0 14 0 0 0 0 15 0 0 0 0 16 0 0 0 0 20 0 0 0 0 17 78 43 -5 0 18 4 63 67 0 19 -3 89 61 0 50 0 0 0 0 51 0 0 0 0 52 0 0 0 0 " />
    </Animation>
    <Animation name="die">
        <Key cmd="11 AC_PRT_STOP 0" e="0 0 0 0 0 0 1 63 -235 0 0 2 96 -231 63 0 3 45 112 0 0 4 92 139 0 0 5 114 115 0 0 6 22 64 0 0 7 14 106 0 0 8 26 89 3 0 9 171 -5 0 0 10 337 -321 0 0 11 16 92 0 0 12 -4 114 -3 0 13 146 -291 38 0 14 53 125 0 0 15 81 118 0 0 16 102 111 0 0 20 32 10 79 0 17 63 53 0 0 18 15 107 0 0 19 28 83 2 0 50 0 0 0 0 51 0 0 0 0 52 0 0 0 0 " />
        <Key e="0.1 0 0 0 0 0 1 63 -235 0 0 2 96 -231 62 0 3 45 112 0 0 4 92 139 0 0 5 114 115 0 0 6 22 64 0 0 7 14 106 0 0 8 26 89 0 0 9 171 -5 0 0 10 331 -333 -16 0 11 16 92 0 0 12 -4 114 -3 0 13 0 0 0 0 14 0 0 0 0 15 0 0 0 0 16 0 0 0 0 20 0 0 0 0 17 63 53 0 0 18 15 107 0 0 19 28 83 2 0 50 0 0 0 0 51 0 0 0 0 52 0 0 0 0 " />
        <Key e="0.2 0 60 19 -17 0 1 63 -235 0 0 2 74 -232 49 0 3 45 112 0 0 4 92 139 0 0 5 114 115 0 0 6 12 75 25 0 7 14 106 0 0 8 26 89 0 0 9 171 -5 0 0 10 274 -401 -29 0 11 18 97 29 0 12 -27 132 33 0 13 0 0 0 0 14 0 0 0 0 15 0 0 0 0 16 0 0 0 0 20 0 0 0 0 17 55 69 28 0 18 15 107 0 0 19 28 83 2 0 50 0 0 0 0 51 0 0 0 0 52 0 0 0 0 " />
        <Key e="0.4 0 60 19 -17 0 1 4 -159 -47 0 2 59 -193 49 0 3 45 112 0 0 4 92 139 0 0 5 114 115 0 0 6 12 75 25 0 7 14 106 0 0 8 26 89 0 0 9 172 -5 0 0 10 75 -420 -69 0 11 18 97 29 0 12 -27 132 33 0 13 0 0 0 0 14 0 0 0 0 15 0 0 0 0 16 0 0 0 0 20 0 0 0 0 17 55 69 28 0 18 15 107 0 0 19 28 83 2 0 50 0 0 0 0 51 0 0 0 0 52 0 0 0 0 " />
        <Key e="3.5 0 96 19 -24 0 1 -12 -152 -47 0 2 59 -193 43 0 3 45 112 0 0 4 92 139 0 0 5 114 115 0 0 6 -1 84 38 0 7 14 106 0 0 8 36 82 -16 0 9 172 -5 0 0 10 32 -408 -90 0 11 18 97 29 0 12 -40 124 57 0 13 0 0 0 0 14 0 0 0 0 15 0 0 0 0 16 0 0 0 0 20 0 0 0 0 17 55 81 37 0 18 15 107 0 0 19 31 81 -8 0 50 0 0 0 0 51 0 0 0 0 52 0 0 0 0 " />
        <Key e="3.9 0 95 126 -24 0 1 -21 -146 -47 0 2 58 -65 68 0 3 45 112 0 0 4 97 80 -34 0 5 114 115 0 0 6 11 80 15 0 7 -1 69 71 0 8 -39 82 85 0 9 172 -5 0 0 10 7 -283 -90 0 11 18 97 29 0 12 -40 124 57 0 13 0 0 0 0 14 0 0 0 0 15 0 0 0 0 16 0 0 0 0 20 0 0 0 0 17 55 81 27 0 18 -4 72 69 0 19 -3 89 61 0 50 0 0 0 0 51 0 0 0 0 52 0 0 0 0 " />
        <Key e="4 0 95 126 -24 0 1 -21 -146 -47 0 2 58 -65 68 0 3 45 112 0 0 4 97 80 -34 0 5 114 115 0 0 6 11 80 15 0 7 -1 69 71 0 8 -39 82 85 0 9 172 -5 0 0 10 7 -283 -90 0 11 18 97 29 0 12 -40 124 57 0 13 0 0 0 0 14 0 0 0 0 15 0 0 0 0 16 0 0 0 0 20 0 0 0 0 17 55 81 27 0 18 -4 72 69 0 19 -3 89 61 0 50 0 0 0 0 51 0 0 0 0 52 0 0 0 0 " />
        <Key e="4.2 0 95 126 -14 0 1 -21 -146 -47 0 2 79 -56 68 0 3 45 112 0 0 4 84 111 -14 0 5 114 115 0 0 6 11 80 15 0 7 0 75 68 0 8 -39 82 85 0 9 174 7 35 0 10 187 -269 -28 0 11 18 97 29 0 12 -16 110 2 0 13 0 0 0 0 14 0 0 0 0 15 0 0 0 0 16 0 0 0 0 20 0 0 0 0 17 55 81 27 0 18 -4 72 69 0 19 -3 89 61 0 50 0 0 0 0 51 0 0 0 0 52 0 0 0 0 " />
        <Key e="4.4 0 95 126 14 0 1 -21 -146 -47 0 2 151 -48 87 0 3 45 112 0 0 4 84 111 -14 0 5 114 115 0 0 6 26 70 -14 0 7 0 75 68 0 8 -39 82 85 0 9 185 17 20 0 10 369 -76 58 0 11 26 65 -3 0 12 11 89 -20 0 13 151 -13 0 0 14 0 0 0 0 15 0 0 0 0 16 0 0 0 0 20 0 0 0 0 17 78 43 -5 0 18 4 63 67 0 19 -3 89 61 0 50 0 0 0 0 51 0 0 0 0 52 0 0 0 0 " />
        <Key e="4.5 0 95 126 14 0 1 -21 -146 -47 0 2 151 -48 87 0 3 45 112 0 0 4 84 111 -14 0 5 114 115 0 0 6 26 70 -14 0 7 0 75 68 0 8 -39 82 85 0 9 185 17 20 0 10 369 -76 58 0 11 26 65 -3 0 12 11 89 -20 0 13 154 14 0 0 14 0 0 0 0 15 0 0 0 0 16 0 0 0 0 20 0 0 0 0 17 78 43 -5 0 18 4 63 67 0 19 -3 89 61 0 50 0 0 0 0 51 0 0 0 0 52 0 0 0 0 " />
    </Animation>
</Animations>
