<AnimationLayers>
    <AnimationLayer />
</AnimationLayers>
<Bones>
    <Bone idx="0" gfx="queen-statue/body" pidx="-1" name="body" fh="0" fv="0" gc="1" cr="0" cp="0 0" />
    <Bone idx="1" gfx="queen-statue/head" pidx="0" name="head" fh="0" fv="0" gc="1" cr="0" cp="0 0" />
    <Bone idx="2" gfx="queen-statue/arm1" pidx="0" name="" fh="1" fv="0" gc="1" cr="0" cp="0 0" rbp="1" />
    <Bone idx="3" gfx="queen-statue/arm2" pidx="2" name="" fh="0" fv="0" gc="1" cr="0" cp="0 0" />
    <Bone idx="4" gfx="queen-statue/arm3" pidx="3" name="" fh="0" fv="0" gc="1" cr="0" cp="0 0" rbp="1" />
    <Bone idx="8" gfx="queen-statue/leg1" pidx="0" name="" fh="0" fv="0" gc="1" cr="0" cp="0 0" rbp="1" />
    <Bone idx="9" gfx="queen-statue/leg2" pidx="8" name="" fh="0" fv="0" gc="1" cr="0" cp="0 0" rbp="1" />
    <Bone idx="10" gfx="queen-statue/leg3" pidx="9" name="" fh="0" fv="0" gc="1" cr="0" cp="0 0" rbp="1" />
    <Bone idx="11" gfx="queen-statue/leg1" pidx="0" name="" fh="0" fv="0" gc="1" cr="0" cp="0 0" />
    <Bone idx="12" gfx="queen-statue/leg2" pidx="11" name="" fh="0" fv="0" gc="1" cr="0" cp="0 0" rbp="1" />
    <Bone idx="13" gfx="queen-statue/leg3" pidx="12" name="" fh="0" fv="0" gc="1" cr="0" cp="0 0" rbp="1" />
    <Bone idx="5" gfx="queen-statue/arm1" pidx="0" name="" fh="0" fv="0" gc="1" cr="0" cp="0 0" />
    <Bone idx="6" gfx="queen-statue/arm2" pidx="5" name="" fh="0" fv="0" gc="1" cr="0" cp="0 0" />
    <Bone idx="7" gfx="queen-statue/arm3" pidx="6" name="" fh="0" fv="0" gc="1" cr="0" cp="0 0" rbp="1" />
</Bones>
<Animations>
    <Animation name="idle">
        <Key lerp="1" e="0 0 0 0 0 0 0 0 0 0 0 0 0 0 0 0 1 1 -66 0 0 2 -20 -10 0 0 3 11 34 0 0 4 3 32 0 0 8 -4 51 0 0 9 0 47 0 0 10 -5 46 0 0 11 10 54 0 0 12 1 47 0 0 13 -5 47 0 0 5 24 -7 0 0 6 11 34 0 0 7 3 32 0 0 " />
    </Animation>
    <Animation name="sleep">
        <Key lerp="1" e="0 0 -22 19 -90 0 0 0 0 0 0 0 0 0 0 0 1 1 -66 0 0 2 -13 -9 -19 0 3 14 34 -7 0 4 3 32 0 0 8 -4 52 7 0 9 0 47 0 0 10 6 48 -30 0 11 -2 45 35 0 12 10 46 -27 0 13 4 48 -25 0 5 7 -6 48 0 6 12 35 -3 0 7 6 32 -19 0 " />
        <Key lerp="1" e="2.3 0 -22 19 -92 0 0 0 0 0 0 0 0 0 0 0 1 3 -65 4 0 2 -13 -9 -19 0 3 14 34 -7 0 4 3 32 0 0 8 -8 53 9 0 9 0 47 0 0 10 6 48 -30 0 11 -5 46 40 0 12 10 46 -27 0 13 4 48 -25 0 5 7 -6 51 0 6 14 36 -6 0 7 6 32 -19 0 " />
        <Key lerp="1" e="4.8 0 -22 19 -90 0 0 0 0 0 0 0 0 0 0 0 1 1 -66 0 0 2 -13 -9 -19 0 3 14 34 -7 0 4 3 32 0 0 8 -4 52 7 0 9 0 47 0 0 10 6 48 -30 0 11 -2 45 35 0 12 10 46 -27 0 13 4 48 -25 0 5 7 -6 48 0 6 12 35 -3 0 7 6 32 -19 0 " />
    </Animation>
    <Animation name="sitstill">
        <Key lerp="1" e="0 0 0 0 -2 0 0 0 0 0 0 0 0 0 0 0 1 1 -66 0 0 2 -21 -7 -3 0 3 19 27 -41 0 4 3 32 0 0 8 -20 41 64 0 9 18 28 -64 0 10 -1 47 -9 0 11 -9 44 56 0 12 16 38 -48 0 13 3 46 -24 0 5 24 -8 -1 0 6 11 34 -2 0 7 3 32 -5 0 " />
    </Animation>
</Animations>
