<AnimationLayers>
    <AnimationLayer />
</AnimationLayers>
<Bones>
    <Bone idx="0" gfx="king/Body" pidx="-1" name="Body" fh="0" fv="0" gc="1" cr="0" cp="0 0" />
    <Bone idx="1" gfx="king/Leg1" pidx="0" name="" fh="0" fv="0" gc="1" cr="0" cp="0 0" rbp="1" />
    <Bone idx="2" gfx="king/Leg2" pidx="1" name="" fh="0" fv="0" gc="1" cr="0" cp="0 0" rbp="1" />
    <Bone idx="3" gfx="king/Leg3" pidx="2" name="" fh="0" fv="0" gc="1" cr="0" cp="0 0" rbp="1" />
    <Bone idx="4" gfx="king/Leg1" pidx="0" name="" fh="0" fv="0" gc="1" cr="0" cp="0 0" />
    <Bone idx="5" gfx="king/Leg2" pidx="4" name="" fh="0" fv="0" gc="1" cr="0" cp="0 0" rbp="1" />
    <Bone idx="6" gfx="king/Leg3" pidx="5" name="" fh="0" fv="0" gc="1" cr="0" cp="0 0" rbp="1" />
    <Bone idx="7" gfx="king/Head" pidx="0" name="Head" fh="0" fv="0" gc="1" cr="0" cp="0 0" />
    <Bone idx="8" gfx="king/Arm1" pidx="0" name="" fh="1" fv="0" gc="1" cr="0" cp="0 0" rbp="1" />
    <Bone idx="9" gfx="king/Arm2" pidx="8" name="" fh="0" fv="0" gc="1" cr="0" cp="0 0" />
    <Bone idx="10" gfx="king/Arm3" pidx="9" name="" fh="0" fv="0" gc="1" cr="0" cp="0 0" rbp="1" />
    <Bone idx="11" gfx="king/Arm1" pidx="0" name="" fh="0" fv="0" gc="1" cr="0" cp="0 0" />
    <Bone idx="12" gfx="king/Arm2" pidx="11" name="" fh="0" fv="0" gc="1" cr="0" cp="0 0" />
    <Bone idx="13" gfx="king/Arm3" pidx="12" name="" fh="0" fv="0" gc="1" cr="0" cp="0 0" rbp="1" />
</Bones>
<Animations>
    <Animation name="idle">
        <Key e="0 0 0 0 0 0 0 0 0 0 0 0 0 0 0 0 1 -12 43 0 0 2 2 25 0 0 3 9 37 0 0 4 2 48 0 0 5 0 23 0 0 6 9 37 0 0 7 -1 -62 0 0 8 -12 -21 -1 0 9 12 34 0 0 10 6 20 11 0 11 15 -22 4 0 12 11 33 0 0 13 6 20 10 0 14 0 0 0 0 15 0 0 0 0 16 0 0 0 0 17 0 0 0 0 18 0 0 0 0 19 0 0 0 0 " />
        <Key lerp="3" e="0.8 0 0 7 0 0 0 0 0 0 0 0 0 0 0 0 1 -14 41 3 0 2 2 25 0 0 3 9 37 0 0 4 3 48 -4 0 5 0 23 0 0 6 9 37 0 0 7 -1 -62 0 0 8 -12 -21 5 0 9 13 37 2 0 10 6 20 13 0 11 15 -22 0 0 12 11 33 0 0 13 6 20 10 0 14 0 0 0 0 15 0 0 0 0 16 0 0 0 0 17 0 0 0 0 18 0 0 0 0 19 0 0 0 0 " />
        <Key lerp="1" e="1.9 0 0 -5 0 0 0 0 0 0 0 0 0 0 0 0 1 -12 46 -1 0 2 2 25 0 0 3 12 37 -17 0 4 3 48 -4 0 5 0 23 0 0 6 12 36 -13 0 7 -1 -62 0 0 8 -12 -21 -4 0 9 12 34 0 0 10 4 19 -11 0 11 15 -22 7 0 12 11 33 -1 0 13 6 20 -7 0 14 0 0 0 0 15 0 0 0 0 16 0 0 0 0 17 0 0 0 0 18 0 0 0 0 19 0 0 0 0 " />
        <Key e="2.6 0 0 0 0 0 0 0 0 0 0 0 0 0 0 0 1 -12 43 0 0 2 2 25 0 0 3 9 37 0 0 4 2 48 0 0 5 0 23 0 0 6 9 37 0 0 7 -1 -62 0 0 8 -12 -21 -1 0 9 12 34 0 0 10 6 20 11 0 11 15 -22 4 0 12 11 33 0 0 13 6 20 10 0 14 0 0 0 0 15 0 0 0 0 16 0 0 0 0 17 0 0 0 0 18 0 0 0 0 19 0 0 0 0 " />
    </Animation>
    <Animation name="ball">
        <Key e="0 0 0 0 0 0 1 0 0 0 0 2 0 0 0 0 3 0 0 0 0 4 0 0 0 0 5 0 0 0 0 6 0 0 0 0 7 0 0 0 0 8 0 0 0 0 9 0 0 0 0 10 0 0 0 0 11 0 0 0 0 12 0 0 0 0 13 0 0 0 0 14 0 0 0 0 15 0 0 0 0 16 0 0 0 0 17 0 0 0 0 18 0 0 0 0 19 0 0 0 0 " />
    </Animation>
    <Animation name="figure">
        <Key e="0 0 0 0 0 0 0 0 0 0 0 0 0 0 0 0 1 -10 46 0 0 2 0 21 0 0 3 9 38 0 0 4 2 47 0 0 5 1 22 0 0 6 7 35 0 0 7 -3 -62 0 0 8 -13 -23 -1 0 9 12 37 0 0 10 5 17 11 0 11 14 -25 4 0 12 13 38 0 0 13 4 18 10 0 14 0 0 0 0 15 0 0 0 0 16 0 0 0 0 17 0 0 0 0 18 0 0 0 0 19 0 0 0 0 " />
    </Animation>
</Animations>
