<AnimationLayers>
    <AnimationLayer />
</AnimationLayers>
<Bones>
    <Bone idx="3" gfx="Walker/LegBottom" pidx="-1" name="BackLeg1Bottom" fh="0" fv="0" gc="0" cr="0" cp="0 0" />
    <Bone idx="4" gfx="Walker/LegTop" pidx="-1" name="BackLeg1Top" fh="0" fv="0" gc="0" cr="0" cp="0 0" />
    <Bone idx="5" gfx="Walker/LegBottom" pidx="-1" name="BackLeg2Bottom" fh="0" fv="0" gc="0" cr="0" cp="0 0" />
    <Bone idx="6" gfx="Walker/LegTop" pidx="-1" name="BackLeg2Top" fh="0" fv="0" gc="0" cr="0" cp="0 0" />
    <Bone idx="1" gfx="Walker/Jaw" pidx="-1" name="Jaw" fh="0" fv="0" gc="0" cr="0" cp="0 0" />
    <Bone idx="2" gfx="Walker/Head" pidx="-1" name="Head" fh="0" fv="0" gc="1" cr="0" cp="0 0" />
    <Bone idx="0" gfx="Walker/Body" pidx="-1" name="Body" fh="0" fv="0" gc="1" cr="0" cp="0 0" />
    <Bone idx="7" gfx="Walker/LegBottom" pidx="-1" name="FrontLeg1Bottom" fh="0" fv="0" gc="0" cr="0" cp="0 0" pass="0" />
    <Bone idx="8" gfx="Walker/LegTop" pidx="-1" name="FrontLeg1Top" fh="0" fv="0" gc="0" cr="0" cp="0 0" pass="0" />
    <Bone idx="9" gfx="Walker/LegBottom" pidx="-1" name="BackLeg1Bottom" fh="0" fv="0" gc="0" cr="0" cp="0 0" pass="0" />
    <Bone idx="10" gfx="Walker/LegTop" pidx="-1" name="BackLeg1Top" fh="0" fv="0" gc="0" cr="0" cp="0 0" pass="0" />
</Bones>
<Animations>
    <Animation name="idle">
        <Key e="0 0 0 0 0 0 0 0 0 0 0 0 0 0 0 0 3 26 519 0 0 4 46 194 0 0 5 -154 520 0 0 6 -130 195 0 0 1 -214 199 0 0 2 -220 149 0 0 7 -111 538 0 0 8 -86 220 0 0 9 105 529 0 0 10 127 211 0 0 " />
        <Key lerp="2" e="2.7 0 -5 -5 -1 0 0 0 0 0 0 0 0 0 0 0 3 31 519 -1 0 4 46 194 -2 0 5 -164 519 2 0 6 -135 195 0 0 1 -227 197 11 0 2 -222 147 5 0 7 -117 536 -3 0 8 -96 217 2 0 9 99 525 -3 0 10 117 206 2 0 " />
        <Key lerp="1" e="4.7 0 0 0 3 0 0 0 0 0 0 0 0 0 0 0 3 14 520 -6 0 4 32 204 6 0 5 -170 519 -2 0 6 -131 205 11 0 1 -225 191 -3 0 2 -232 135 9 0 7 -98 540 -8 0 8 -97 219 2 0 9 90 535 -7 0 10 104 223 7 0 " />
        <Key lerp="3" e="6.8 0 0 0 0 0 0 0 0 0 0 0 0 0 0 0 3 26 519 0 0 4 46 194 0 0 5 -154 520 0 0 6 -130 195 0 0 1 -214 199 0 0 2 -220 149 0 0 7 -111 538 0 0 8 -86 220 0 0 9 105 529 0 0 10 127 211 0 0 " />
    </Animation>
</Animations>
