<AnimationLayers>
    <AnimationLayer />
    <AnimationLayer ignore="6 7 8 9 12 13 " />
    <AnimationLayer ignore="0 2 3 4 5 6 7 8 9 10 11 12 13 " />
    <AnimationLayer ignore="0 1 2 3 4 5 6 7 8 9 10 11 12 13 " />
    <AnimationLayer />
</AnimationLayers>
<Bones>
    <Bone idx="4" gfx="Li/UpperArm" pidx="0" name="RightArm2" fh="1" fv="0" gc="1" cr="0" cp="0 0" rbp="1" pass="0" />
    <Bone idx="5" gfx="Li/LowerArm" pidx="4" name="" fh="0" fv="0" gc="1" cr="0" cp="0 0" pass="0" />
    <Bone idx="10" gfx="Li/Hand" pidx="5" name="RightArm" fh="0" fv="0" gc="1" cr="0" cp="0 0" pass="0" />
    <Bone idx="6" gfx="Li/UpperLeg" pidx="0" name="" fh="0" fv="0" gc="1" cr="0" cp="0 0" rbp="1" pass="0" />
    <Bone idx="7" gfx="Li/LowerLeg" pidx="6" name="" fh="0" fv="0" gc="1" cr="0" cp="0 0" rbp="1" pass="0" />
    <Bone idx="12" gfx="Li/Foot" pidx="7" name="RightFoot" fh="0" fv="0" gc="1" cr="0" cp="0 0" rbp="1" pass="0" />
    <Bone idx="0" gfx="Li/Body" pidx="-1" name="" fh="0" fv="0" gc="1" cr="0" cp="0 0" pass="0" />
    <Bone idx="8" gfx="Li/UpperLeg" pidx="0" name="" fh="0" fv="0" gc="1" cr="0" cp="0 0" pass="0" />
    <Bone idx="9" gfx="Li/LowerLeg" pidx="8" name="" fh="0" fv="0" gc="1" cr="0" cp="0 0" rbp="1" pass="0" />
    <Bone idx="13" gfx="Li/Foot" pidx="9" name="LeftFoot" fh="0" fv="0" gc="1" cr="0" cp="0 0" rbp="1" pass="0" />
    <Bone idx="1" gfx="" pidx="0" name="Head" fh="0" fv="0" gc="1" cr="0" rq="0" cp="0 0" pass="0">
        <Frame gfx="li/head" pass="0" />
        <Frame gfx="li/head-angry" pass="0" />
        <Frame gfx="li/head-happy" pass="0" />
        <Frame gfx="li/head-hurt" pass="0" />
        <Frame gfx="li/head-laugh" pass="0" />
        <Frame gfx="li/head-surprise" pass="0" />
    </Bone>
    <Bone idx="14" gfx="Li/Helmet" pidx="0" name="Helmet" fh="0" fv="0" gc="1" cr="0" cp="0 0" pass="0" prt="0 Pulled" />
    <Bone idx="2" gfx="Li/UpperArm" pidx="0" name="ULArm" fh="0" fv="0" gc="1" cr="0" cp="0 0" pass="0" />
    <Bone idx="3" gfx="Li/LowerArm" pidx="2" name="LLArm" fh="0" fv="0" gc="1" cr="0" cp="0 0" pass="0" />
    <Bone idx="11" gfx="Li/bHand" pidx="3" name="LeftArm" fh="0" fv="0" gc="1" cr="0" cp="0 0" pass="0" />
    <Bone idx="15" gfx="Fish-0001" pidx="11" name="Fish1" fh="0" fv="0" gc="1" cr="0" cp="0 0" rbp="1" pass="0" sz="0.4 0.4" />
    <Bone idx="16" gfx="Fish-0002" pidx="10" name="Fish2" fh="0" fv="0" gc="1" cr="0" cp="0 0" rbp="1" pass="0" sz="0.4 0.4" />
    <Bone idx="18" gfx="Particles/SmallGlow" pidx="10" name="WeaponGlow" fh="0" fv="0" gc="1" cr="0" cp="0 0" pass="0" io="0 -32" sz="0.5 0.5" />
    <Bone idx="20" gfx="li/wrench" pidx="11" name="wrench" fh="0" fv="0" gc="1" cr="0" rq="0" cp="0 0" rbp="1" pass="0" />
</Bones>
<Animations>
    <Animation name="idle">
        <Key cmd="14 AC_PRT_STOP 0" e="0 1 -6 -60 0 0 0 0 0 1 0 2 21 -12 -1 0 3 12 31 0 0 4 -21 -9 -10 0 5 14 30 -7 0 6 -12 45 6 0 7 4 40 -22 0 8 3 51 -2 0 9 -2 42 0 0 10 8 32 0 0 11 8 32 0 0 12 -7 38 0 0 13 -7 40 0 0 14 -9 -61 0 0 15 0 0 0 0 16 0 0 0 0 18 0 0 0 0 20 -7 14 29 0 " />
        <Key e="0.6 1 -6 -60 0 0 0 0 -4 1 0 2 22 -12 -5 0 3 12 31 0 0 4 -21 -9 -6 0 5 14 30 -7 0 6 -16 49 2 0 7 -1 43 -8 0 8 7 52 -14 0 9 -2 42 0 0 10 12 29 -14 0 11 8 32 0 0 12 -5 41 0 0 13 -7 40 0 0 14 -9 -61 0 0 15 0 0 0 0 16 0 0 0 0 18 0 0 0 0 20 -7 14 29 0 " />
        <Key e="1.3 1 -6 -60 0 0 0 0 0 1 0 2 21 -12 -1 0 3 12 31 0 0 4 -20 -8 -12 0 5 14 30 -7 0 6 -12 45 11 0 7 -2 42 0 0 8 8 55 -21 0 9 -2 42 0 0 10 0 32 31 0 11 8 32 0 0 12 0 42 -18 0 13 -7 40 0 0 14 -9 -61 0 0 15 0 0 0 0 16 0 0 0 0 18 0 0 0 0 20 -7 14 29 0 " />
        <Key e="1.9 1 -6 -60 0 0 0 0 -4 1 0 2 18 -12 12 0 3 12 31 0 0 4 -21 -9 -4 0 5 14 30 -7 0 6 -4 54 -23 0 7 -1 43 -8 0 8 2 51 3 0 9 -2 42 0 0 10 2 33 22 0 11 8 32 0 0 12 14 42 -38 0 13 -7 40 0 0 14 -9 -61 0 0 15 0 0 0 0 16 0 0 0 0 18 0 0 0 0 20 -7 14 29 0 " />
        <Key e="2.5 1 -6 -60 0 0 0 0 1 1 0 2 20 -12 3 0 3 12 31 0 0 4 -23 -9 2 0 5 14 30 -7 0 6 -4 54 -12 0 7 -1 43 -8 0 8 4 53 -7 0 9 -2 42 0 0 10 2 33 22 0 11 13 30 -16 0 12 14 42 -38 0 13 -7 40 0 0 14 -9 -61 0 0 15 0 0 0 0 16 0 0 0 0 18 0 0 0 0 20 -7 14 29 0 " />
        <Key e="2.9 1 -6 -60 0 0 0 0 -4 1 0 2 22 -12 4 0 3 14 29 -12 0 4 -21 -10 4 0 5 14 30 -7 0 6 -11 50 8 0 7 -1 43 -8 0 8 5 53 -10 0 9 -2 42 0 0 10 9 31 -4 0 11 13 27 -24 0 12 -8 38 3 0 13 23 41 -60 0 14 -9 -61 0 0 15 0 0 0 0 16 0 0 0 0 18 0 0 0 0 20 -7 14 29 0 " />
        <Key e="3.3 1 -6 -60 0 0 0 0 1 1 0 2 22 -12 -6 0 3 12 31 0 0 4 -20 -7 -14 0 5 14 30 -7 0 6 -4 54 -12 0 7 -1 43 -8 0 8 1 52 0 0 9 -2 42 0 0 10 2 33 22 0 11 7 32 1 0 12 14 42 -38 0 13 -7 40 0 0 14 -9 -61 0 0 15 0 0 0 0 16 0 0 0 0 18 0 0 0 0 20 -7 14 29 0 " />
        <Key cmd="14 AC_PRT_STOP 0" e="3.7 1 -6 -60 0 0 0 0 0 1 0 2 21 -12 -1 0 3 12 31 0 0 4 -21 -9 -10 0 5 14 30 -7 0 6 -12 45 6 0 7 4 40 -22 0 8 3 51 -2 0 9 -2 42 0 0 10 8 32 0 0 11 8 32 0 0 12 -7 38 0 0 13 -7 40 0 0 14 -9 -61 0 0 15 0 0 0 0 16 0 0 0 0 18 0 0 0 0 20 -7 14 29 0 " />
    </Animation>
    <Animation name="work">
        <Key cmd="14 AC_PRT_STOP 0" e="0 1 -6 -60 0 0 0 0 0 1 0 2 2 -12 65 0 3 12 31 0 0 4 -26 -22 87 0 5 20 20 -55 0 6 -12 45 6 0 7 4 40 -22 0 8 3 51 -2 0 9 -2 42 0 0 10 10 31 -9 0 11 8 32 0 0 12 -7 38 0 0 13 -7 40 0 0 14 -9 -61 0 0 15 0 0 0 0 16 0 0 0 0 18 0 0 0 0 20 -3 13 9 0 " />
        <Key cmd="14 AC_PRT_STOP 0" lerp="1" e="1.4 1 -13 -57 -22 0 0 1 4 1 0 2 -1 -13 81 0 3 12 31 0 0 4 -27 -24 95 0 5 20 23 -43 0 6 -12 45 6 0 7 4 40 -22 0 8 3 51 -2 0 9 -2 42 0 0 10 13 31 -17 0 11 8 32 0 0 12 -7 38 0 0 13 -7 40 0 0 14 -9 -61 0 0 15 0 0 0 0 16 0 0 0 0 18 0 0 0 0 20 -3 13 9 0 " />
        <Key cmd="14 AC_PRT_STOP 0" lerp="1" e="1.8 1 -13 -57 -22 0 0 1 6 1 0 2 -1 -13 86 0 3 12 31 0 0 4 -27 -26 95 0 5 20 23 -43 0 6 -12 45 6 0 7 4 40 -22 0 8 3 51 -2 0 9 -2 42 0 0 10 13 31 -17 0 11 11 32 -7 0 12 -7 38 0 0 13 -7 40 0 0 14 -9 -61 0 0 15 0 0 0 0 16 0 0 0 0 18 0 0 0 0 20 -3 13 9 0 " />
        <Key cmd="14 AC_PRT_STOP 0" lerp="1" e="2 1 -13 -57 -22 0 0 1 4 1 0 2 -1 -13 81 0 3 12 31 0 0 4 -27 -24 95 0 5 20 23 -43 0 6 -12 45 6 0 7 4 40 -22 0 8 3 51 -2 0 9 -2 42 0 0 10 13 31 -17 0 11 8 32 0 0 12 -7 38 0 0 13 -7 40 0 0 14 -9 -61 0 0 15 0 0 0 0 16 0 0 0 0 18 0 0 0 0 20 -3 13 9 0 " />
        <Key cmd="14 AC_PRT_STOP 0" lerp="1" e="2.2 1 -13 -57 -22 0 0 1 6 1 0 2 -1 -13 86 0 3 12 31 0 0 4 -27 -26 95 0 5 20 23 -43 0 6 -12 45 6 0 7 4 40 -22 0 8 3 51 -2 0 9 -2 42 0 0 10 13 31 -17 0 11 11 32 -7 0 12 -7 38 0 0 13 -7 40 0 0 14 -9 -61 0 0 15 0 0 0 0 16 0 0 0 0 18 0 0 0 0 20 -3 13 9 0 " />
        <Key cmd="14 AC_PRT_STOP 0" lerp="1" e="2.4 1 -13 -57 -22 0 0 1 4 1 0 2 -1 -13 81 0 3 12 31 0 0 4 -27 -24 95 0 5 20 23 -43 0 6 -12 45 6 0 7 4 40 -22 0 8 3 51 -2 0 9 -2 42 0 0 10 13 31 -17 0 11 8 32 0 0 12 -7 38 0 0 13 -7 40 0 0 14 -9 -61 0 0 15 0 0 0 0 16 0 0 0 0 18 0 0 0 0 20 -3 13 9 0 " />
        <Key cmd="14 AC_PRT_STOP 0" lerp="1" e="2.8 1 -13 -57 -22 0 0 1 6 1 0 2 -1 -13 86 0 3 12 31 0 0 4 -27 -26 95 0 5 20 23 -43 0 6 -12 45 6 0 7 4 40 -22 0 8 3 51 -2 0 9 -2 42 0 0 10 13 31 -17 0 11 11 32 -7 0 12 -7 38 0 0 13 -7 40 0 0 14 -9 -61 0 0 15 0 0 0 0 16 0 0 0 0 18 0 0 0 0 20 -3 13 9 0 " />
        <Key cmd="14 AC_PRT_STOP 0" lerp="1" e="3 1 -13 -57 -22 0 0 1 4 1 0 2 -1 -13 81 0 3 12 31 0 0 4 -27 -24 95 0 5 20 23 -43 0 6 -12 45 6 0 7 4 40 -22 0 8 3 51 -2 0 9 -2 42 0 0 10 13 31 -17 0 11 8 32 0 0 12 -7 38 0 0 13 -7 40 0 0 14 -9 -61 0 0 15 0 0 0 0 16 0 0 0 0 18 0 0 0 0 20 -3 13 9 0 " />
        <Key cmd="14 AC_PRT_STOP 0" lerp="1" e="3.4 1 -13 -57 -22 0 0 -1 4 1 0 2 -1 -12 75 0 3 8 29 15 0 4 -25 -24 95 0 5 20 23 -43 0 6 -12 45 6 0 7 4 40 -22 0 8 3 51 -2 0 9 -2 42 0 0 10 13 31 -17 0 11 8 32 0 0 12 -7 38 0 0 13 -7 40 0 0 14 -9 -61 0 0 15 0 0 0 0 16 0 0 0 0 18 0 0 0 0 20 1 16 -8 0 " />
        <Key cmd="14 AC_PRT_STOP 0" lerp="1" e="3.6 1 -8 -60 -8 0 0 -1 4 1 0 2 -1 -14 75 0 3 8 29 15 0 4 -25 -24 95 0 5 20 23 -43 0 6 -12 45 6 0 7 4 40 -22 0 8 3 51 -2 0 9 -2 42 0 0 10 13 31 -17 0 11 8 32 0 0 12 -7 38 0 0 13 -7 40 0 0 14 -9 -61 0 0 15 0 0 0 0 16 0 0 0 0 18 0 0 0 0 20 2 16 -11 0 " />
        <Key cmd="14 AC_PRT_STOP 0" lerp="1" e="3.8 1 -5 -60 17 0 0 -1 4 1 0 2 -1 -12 75 0 3 8 29 15 0 4 -25 -24 95 0 5 20 23 -43 0 6 -12 45 6 0 7 4 40 -22 0 8 3 51 -2 0 9 -2 42 0 0 10 13 31 -17 0 11 8 32 0 0 12 -7 38 0 0 13 -7 40 0 0 14 -9 -61 0 0 15 0 0 0 0 16 0 0 0 0 18 0 0 0 0 20 -1 13 -7 0 " />
        <Key cmd="14 AC_PRT_STOP 0" lerp="1" e="4.6 1 -2 -58 36 0 0 -1 4 1 0 2 7 -9 51 0 3 -1 26 42 0 4 -25 -24 95 0 5 20 23 -43 0 6 -12 45 6 0 7 4 40 -22 0 8 3 51 -2 0 9 -2 42 0 0 10 13 31 -17 0 11 8 32 0 0 12 -7 38 0 0 13 -7 40 0 0 14 -9 -61 0 0 15 0 0 0 0 16 0 0 0 0 18 0 0 0 0 20 -3 13 9 0 " />
        <Key cmd="14 AC_PRT_STOP 0" lerp="1" e="5.1 1 -6 -60 20 0 0 15 4 1 0 2 21 -9 9 0 3 -1 26 42 0 4 -31 -14 33 0 5 20 19 -60 0 6 -12 45 6 0 7 4 40 -22 0 8 3 51 -2 0 9 -2 42 0 0 10 13 31 -21 0 11 8 32 0 0 12 -7 38 0 0 13 -7 40 0 0 14 -9 -61 0 0 15 0 0 0 0 16 0 0 0 0 18 0 0 0 0 20 -3 13 9 0 " />
        <Key cmd="14 AC_PRT_STOP 0" lerp="1" e="5.6 1 -6 -60 11 0 0 0 0 1 0 2 19 -9 7 0 3 12 31 0 0 4 -20 -8 -17 0 5 17 28 -23 0 6 -12 45 6 0 7 4 40 -22 0 8 3 51 -2 0 9 -2 42 0 0 10 10 31 -9 0 11 8 32 0 0 12 -7 38 0 0 13 -7 40 0 0 14 -9 -61 0 0 15 0 0 0 0 16 0 0 0 0 18 0 0 0 0 20 -3 13 9 0 " />
    </Animation>
    <Animation name="eat">
        <Key cmd="14 AC_PRT_STOP 0" e="0 1 -6 -60 0 0 0 0 0 1 0 2 7 -11 46 0 3 -6 10 113 0 4 -21 -9 -10 0 5 14 30 -7 0 6 -12 45 6 0 7 4 40 -22 0 8 3 51 -2 0 9 -2 42 0 0 10 8 32 0 0 11 3 34 14 0 12 -7 38 0 0 13 -7 40 0 0 14 -9 -61 0 0 15 0 0 0 0 16 0 0 0 0 18 0 0 0 0 20 0 0 0 0 " />
        <Key e="0.6 1 -6 -62 0 0 0 0 -4 1 0 2 7 -14 54 0 3 -5 10 109 0 4 -21 -9 -6 0 5 14 30 -7 0 6 -16 49 2 0 7 -1 43 -8 0 8 7 52 -14 0 9 -2 42 0 0 10 12 29 -14 0 11 8 32 0 0 12 -5 41 0 0 13 -7 40 0 0 14 -9 -61 0 0 15 0 0 0 0 16 0 0 0 0 18 0 0 0 0 20 0 0 0 0 " />
        <Key e="1.3 1 -6 -60 0 0 0 0 0 1 0 2 7 -8 58 0 3 -5 10 109 0 4 -20 -8 -12 0 5 14 30 -7 0 6 -12 45 11 0 7 -2 42 0 0 8 8 55 -21 0 9 -2 42 0 0 10 0 32 31 0 11 8 32 0 0 12 0 42 -18 0 13 -7 40 0 0 14 -9 -61 0 0 15 0 0 0 0 16 0 0 0 0 18 0 0 0 0 20 0 0 0 0 " />
        <Key e="1.9 1 -6 -60 0 0 0 0 -4 1 0 2 7 -11 58 0 3 -5 10 109 0 4 -21 -9 -4 0 5 14 30 -7 0 6 -4 54 -23 0 7 -1 43 -8 0 8 2 51 3 0 9 -2 42 0 0 10 2 33 22 0 11 8 32 0 0 12 14 42 -38 0 13 -7 40 0 0 14 -9 -61 0 0 15 0 0 0 0 16 0 0 0 0 18 0 0 0 0 20 0 0 0 0 " />
        <Key e="2.5 1 -6 -60 0 0 0 0 1 1 0 2 7 -8 58 0 3 -5 10 109 0 4 -23 -9 2 0 5 14 30 -7 0 6 -4 54 -12 0 7 -1 43 -8 0 8 4 53 -7 0 9 -2 42 0 0 10 2 33 22 0 11 8 32 0 0 12 14 42 -38 0 13 -7 40 0 0 14 -9 -61 0 0 15 0 0 0 0 16 0 0 0 0 18 0 0 0 0 20 0 0 0 0 " />
        <Key e="2.9 1 -6 -60 0 0 0 0 -4 1 0 2 7 -8 58 0 3 -5 10 109 0 4 -21 -10 4 0 5 14 30 -7 0 6 -11 50 8 0 7 -1 43 -8 0 8 5 53 -10 0 9 -2 42 0 0 10 9 31 -4 0 11 8 32 0 0 12 -8 38 3 0 13 23 41 -60 0 14 -9 -61 0 0 15 0 0 0 0 16 0 0 0 0 18 0 0 0 0 20 0 0 0 0 " />
        <Key e="3.3 1 -6 -60 0 0 0 0 1 1 0 2 7 -8 58 0 3 -5 10 109 0 4 -20 -7 -14 0 5 14 30 -7 0 6 -4 54 -12 0 7 -1 43 -8 0 8 1 52 0 0 9 -2 42 0 0 10 2 33 22 0 11 7 32 1 0 12 14 42 -38 0 13 -7 40 0 0 14 -9 -61 0 0 15 0 0 0 0 16 0 0 0 0 18 0 0 0 0 20 0 0 0 0 " />
        <Key cmd="14 AC_PRT_STOP 0" e="3.7 1 -6 -60 0 0 0 0 0 1 0 2 7 -11 46 0 3 -6 10 113 0 4 -21 -9 -10 0 5 14 30 -7 0 6 -12 45 6 0 7 4 40 -22 0 8 3 51 -2 0 9 -2 42 0 0 10 8 32 0 0 11 3 34 14 0 12 -7 38 0 0 13 -7 40 0 0 14 -9 -61 0 0 15 0 0 0 0 16 0 0 0 0 18 0 0 0 0 20 0 0 0 0 " />
    </Animation>
    <Animation name="sleep">
        <Key cmd="14 AC_PRT_STOP 0" e="0 1 -7 -56 -20 0 0 -24 23 -92 0 2 -1 -14 83 0 3 -5 13 114 0 4 -13 -11 -19 0 5 14 30 -7 0 6 -12 45 10 0 7 0 42 -11 0 8 -1 47 10 0 9 -2 42 0 0 10 8 32 0 0 11 8 32 0 0 12 -7 38 0 0 13 -7 40 0 0 14 -9 -61 0 0 15 0 0 0 0 16 0 0 0 0 18 0 0 0 0 20 0 0 0 0 " />
    </Animation>
    <Animation name="trappedincreator">
        <Key cmd="14 AC_PRT_STOP 0" e="0 1 -19 -53 -57 0 0 0 -12 -80 0 2 -5 -15 94 0 3 12 31 0 0 4 -27 -23 60 0 5 14 30 -7 0 6 -21 30 94 0 7 5 40 -26 0 8 -19 39 71 0 9 4 40 -22 0 10 8 32 0 0 11 8 32 0 0 12 -8 38 10 0 13 -11 36 9 0 14 1 -52 0 0 15 0 0 0 0 16 0 0 0 0 18 0 0 0 0 20 0 0 0 0 " />
    </Animation>
    <Animation name="look45">
        <Key e="0 1 -2 -62 28 0 0 0 0 1 0 2 21 -12 -1 0 3 12 31 0 0 4 -18 -15 -10 0 5 14 30 -7 0 6 -12 45 6 0 7 4 40 -22 0 8 3 51 -2 0 9 -2 42 0 0 10 8 32 0 0 11 8 32 0 0 12 -7 38 0 0 13 -7 40 0 0 14 -9 -61 0 0 15 0 0 0 0 16 0 0 0 0 18 0 0 0 0 20 0 0 0 0 " />
    </Animation>
    <Animation name="fire">
        <Key cmd="14 AC_PRT_STOP 0" e="0 1 -6 -60 0 0 0 0 0 1 0 2 7 -9 51 0 3 -4 20 69 0 4 -28 -17 57 0 5 15 30 -11 0 6 -12 45 6 0 7 4 40 -22 0 8 3 51 -2 0 9 -2 42 0 0 10 8 32 0 0 11 8 32 0 0 12 -7 38 0 0 13 -7 40 0 0 14 -9 -61 0 0 15 0 0 0 0 16 0 0 0 0 18 0 0 0 0 20 0 0 0 0 " />
        <Key cmd="14 AC_PRT_STOP 0" e="0.1 1 -6 -60 0 0 0 0 0 1 0 2 9 -9 43 0 3 -6 16 83 0 4 -18 -17 57 0 5 15 30 -11 0 6 -12 45 6 0 7 4 40 -22 0 8 3 51 -2 0 9 -2 42 0 0 10 8 32 0 0 11 8 32 0 0 12 -7 38 0 0 13 -7 40 0 0 14 -9 -61 0 0 15 0 0 0 0 16 0 0 0 0 18 0 0 0 0 20 0 0 0 0 " />
        <Key cmd="14 AC_PRT_STOP 0" e="0.2 1 -6 -60 0 0 0 0 0 1 0 2 7 -9 51 0 3 -4 20 69 0 4 -28 -17 57 0 5 15 30 -11 0 6 -12 45 6 0 7 4 40 -22 0 8 3 51 -2 0 9 -2 42 0 0 10 8 32 0 0 11 8 32 0 0 12 -7 38 0 0 13 -7 40 0 0 14 -9 -61 0 0 15 0 0 0 0 16 0 0 0 0 18 0 0 0 0 20 0 0 0 0 " />
        <Key cmd="14 AC_PRT_STOP 0" e="0.9 1 -6 -60 0 0 0 0 0 1 0 2 21 -12 -1 0 3 12 31 0 0 4 -18 -15 -10 0 5 14 30 -7 0 6 -12 45 6 0 7 4 40 -22 0 8 3 51 -2 0 9 -2 42 0 0 10 8 32 0 0 11 8 32 0 0 12 -7 38 0 0 13 -7 40 0 0 14 -9 -61 0 0 15 0 0 0 0 16 0 0 0 0 18 0 0 0 0 20 0 0 0 0 " />
    </Animation>
    <Animation name="switchcombat">
        <Key cmd="14 AC_PRT_STOP 0" e="0 1 -6 -60 0 0 0 0 0 1 0 2 7 -9 51 0 3 -4 20 69 0 4 -28 -17 57 0 5 15 30 -11 0 6 -12 45 6 0 7 4 40 -22 0 8 3 51 -2 0 9 -2 42 0 0 10 8 32 0 0 11 8 32 0 0 12 -7 38 0 0 13 -7 40 0 0 14 -9 -61 0 0 15 0 0 0 0 16 0 0 0 0 18 0 0 0 0 20 0 0 0 0 " />
        <Key cmd="14 AC_PRT_STOP 0" e="0.1 1 -6 -60 0 0 0 0 0 1 0 2 9 -9 43 0 3 -6 16 83 0 4 -18 -17 57 0 5 15 30 -11 0 6 -12 45 6 0 7 4 40 -22 0 8 3 51 -2 0 9 -2 42 0 0 10 8 32 0 0 11 8 32 0 0 12 -7 38 0 0 13 -7 40 0 0 14 -9 -61 0 0 15 0 0 0 0 16 0 0 0 0 18 0 0 0 0 20 0 0 0 0 " />
        <Key cmd="14 AC_PRT_STOP 0" e="0.2 1 -6 -60 0 0 0 0 0 1 0 2 7 -9 51 0 3 -4 20 69 0 4 -28 -17 57 0 5 15 30 -11 0 6 -12 45 6 0 7 4 40 -22 0 8 3 51 -2 0 9 -2 42 0 0 10 8 32 0 0 11 8 32 0 0 12 -7 38 0 0 13 -7 40 0 0 14 -9 -61 0 0 15 0 0 0 0 16 0 0 0 0 18 0 0 0 0 20 0 0 0 0 " />
        <Key cmd="14 AC_PRT_STOP 0" e="0.9 1 -6 -60 0 0 0 0 0 1 0 2 21 -12 -1 0 3 12 31 0 0 4 -18 -15 -10 0 5 14 30 -7 0 6 -12 45 6 0 7 4 40 -22 0 8 3 51 -2 0 9 -2 42 0 0 10 8 32 0 0 11 8 32 0 0 12 -7 38 0 0 13 -7 40 0 0 14 -9 -61 0 0 15 0 0 0 0 16 0 0 0 0 18 0 0 0 0 20 0 0 0 0 " />
    </Animation>
    <Animation name="holdfish">
        <Key e="0 1 -6 -60 0 0 0 0 0 1 0 2 13 -11 24 0 3 -1 25 45 0 4 -20 -14 0 0 5 20 22 -45 0 6 -12 45 6 0 7 4 40 -22 0 8 3 51 -2 0 9 -2 42 0 0 10 8 32 0 0 11 8 32 0 0 12 -7 38 0 0 13 -7 40 0 0 14 -9 -61 0 0 15 0 0 0 0 16 0 0 0 0 18 0 0 0 0 20 0 0 0 0 " />
        <Key lerp="1" e="0.9 1 -6 -60 0 0 0 -1 -11 1 0 2 13 -11 24 0 3 -1 25 45 0 4 -20 -14 0 0 5 20 22 -45 0 6 -12 45 6 0 7 4 40 -22 0 8 3 51 -2 0 9 -2 42 0 0 10 8 32 0 0 11 8 32 0 0 12 -7 38 0 0 13 -7 40 0 0 14 -9 -61 0 0 15 0 0 0 0 16 0 0 0 0 18 0 0 0 0 20 0 0 0 0 " />
        <Key e="2 1 -6 -60 0 0 0 0 0 1 0 2 13 -11 24 0 3 -1 25 45 0 4 -20 -14 0 0 5 20 22 -45 0 6 -12 45 6 0 7 4 40 -22 0 8 3 51 -2 0 9 -2 42 0 0 10 8 32 0 0 11 8 32 0 0 12 -7 38 0 0 13 -7 40 0 0 14 -9 -61 0 0 15 0 0 0 0 16 0 0 0 0 18 0 0 0 0 20 0 0 0 0 " />
    </Animation>
    <Animation name="sitandeat">
        <Key e="0 1 -6 -60 0 0 0 36 -7 9 0 2 20 -10 5 0 3 12 31 0 0 4 -18 -15 -10 0 5 14 30 -7 0 6 -26 29 73 0 7 4 40 -22 0 8 -15 34 88 0 9 9 27 -67 0 10 17 20 -65 0 11 17 20 -46 0 12 -7 38 0 0 13 -7 40 0 0 14 -9 -61 0 0 15 0 0 0 0 16 0 0 0 0 18 0 0 0 0 20 0 0 0 0 " />
        <Key lerp="1" e="1.2 1 -6 -60 0 0 0 36 -7 13 0 2 21 -11 1 0 3 12 31 0 0 4 -18 -15 -17 0 5 14 30 -7 0 6 -26 29 73 0 7 4 40 -22 0 8 -16 33 83 0 9 9 27 -67 0 10 17 20 -65 0 11 17 20 -46 0 12 -7 38 0 0 13 -7 40 0 0 14 -9 -61 0 0 15 0 0 0 0 16 0 0 0 0 18 0 0 0 0 20 0 0 0 0 " />
        <Key e="2.7 1 -6 -60 0 0 0 36 -7 9 0 2 20 -10 5 0 3 12 31 0 0 4 -18 -15 -10 0 5 14 30 -7 0 6 -26 29 73 0 7 4 40 -22 0 8 -15 34 88 0 9 9 27 -67 0 10 17 20 -65 0 11 17 20 -46 0 12 -7 38 0 0 13 -7 40 0 0 14 -9 -61 0 0 15 0 0 0 0 16 0 0 0 0 18 0 0 0 0 20 0 0 0 0 " />
        <Key e="3.4 1 -6 -60 0 0 0 36 -7 5 0 2 20 -10 5 0 3 12 31 0 0 4 -18 -15 -10 0 5 14 30 -7 0 6 -23 23 110 0 7 9 27 -66 0 8 -17 36 75 0 9 7 35 -37 0 10 17 20 -65 0 11 17 20 -46 0 12 -7 38 0 0 13 -7 40 0 0 14 -9 -61 0 0 15 0 0 0 0 16 0 0 0 0 18 0 0 0 0 20 0 0 0 0 " />
        <Key e="4.4 1 -6 -60 0 0 0 35 -11 1 0 2 20 -10 17 0 3 -1 25 48 0 4 -18 -15 -10 0 5 14 30 -7 0 6 -23 23 117 0 7 9 20 -88 0 8 -17 36 75 0 9 7 35 -37 0 10 17 20 -65 0 11 14 27 -21 0 12 -7 38 0 0 13 -7 40 0 0 14 -9 -61 0 0 15 0 0 0 0 16 0 0 0 0 18 0 0 0 0 20 0 0 0 0 " />
        <Key e="4.8 1 -6 -60 0 0 0 35 -11 3 0 2 9 -11 44 0 3 -6 12 108 0 4 -18 -15 -10 0 5 14 30 -7 0 6 -23 23 117 0 7 9 20 -88 0 8 -17 36 75 0 9 7 35 -37 0 10 17 20 -65 0 11 1 33 22 0 12 -7 38 0 0 13 -7 40 0 0 14 -9 -61 0 0 15 0 0 0 0 16 0 0 0 0 18 0 0 0 0 20 0 0 0 0 " />
        <Key e="4.9 1 -6 -60 0 0 0 35 -11 3 0 2 8 -11 46 0 3 -6 12 108 0 4 -18 -15 -10 0 5 14 30 -7 0 6 -23 23 117 0 7 9 20 -88 0 8 -17 36 75 0 9 7 35 -37 0 10 17 20 -65 0 11 1 33 22 0 12 -7 38 0 0 13 -7 40 0 0 14 -9 -61 0 0 15 0 0 0 0 16 0 0 0 0 18 0 0 0 0 20 0 0 0 0 " />
        <Key e="5 1 -6 -60 0 0 0 35 -11 3 0 2 9 -11 44 0 3 -6 12 108 0 4 -18 -15 -10 0 5 14 30 -7 0 6 -23 23 117 0 7 9 20 -88 0 8 -17 36 75 0 9 7 35 -37 0 10 17 20 -65 0 11 1 33 22 0 12 -7 38 0 0 13 -7 40 0 0 14 -9 -61 0 0 15 0 0 0 0 16 0 0 0 0 18 0 0 0 0 20 0 0 0 0 " />
        <Key e="5.1 1 -6 -60 0 0 0 35 -11 3 0 2 8 -11 46 0 3 -6 12 108 0 4 -18 -15 -10 0 5 14 30 -7 0 6 -23 23 117 0 7 9 20 -88 0 8 -17 36 75 0 9 7 35 -37 0 10 17 20 -65 0 11 1 33 22 0 12 -7 38 0 0 13 -7 40 0 0 14 -9 -61 0 0 15 0 0 0 0 16 0 0 0 0 18 0 0 0 0 20 0 0 0 0 " />
        <Key e="5.2 1 -6 -60 0 0 0 35 -11 3 0 2 9 -11 44 0 3 -6 12 108 0 4 -18 -15 -10 0 5 14 30 -7 0 6 -23 23 117 0 7 9 20 -88 0 8 -17 36 75 0 9 7 35 -37 0 10 17 20 -65 0 11 1 33 22 0 12 -7 38 0 0 13 -7 40 0 0 14 -9 -61 0 0 15 0 0 0 0 16 0 0 0 0 18 0 0 0 0 20 0 0 0 0 " />
        <Key e="6 1 -6 -60 0 0 0 35 -11 1 0 2 20 -10 17 0 3 -1 25 48 0 4 -18 -15 -10 0 5 14 30 -7 0 6 -23 23 117 0 7 9 20 -88 0 8 -17 36 75 0 9 7 35 -37 0 10 17 20 -65 0 11 14 27 -21 0 12 -7 38 0 0 13 -7 40 0 0 14 -9 -61 0 0 15 0 0 0 0 16 0 0 0 0 18 0 0 0 0 20 0 0 0 0 " />
        <Key lerp="1" e="7.2 1 -6 -60 0 0 0 36 -7 13 0 2 21 -11 1 0 3 12 31 0 0 4 -18 -15 -17 0 5 14 30 -7 0 6 -26 29 73 0 7 4 40 -22 0 8 -16 33 83 0 9 9 27 -67 0 10 17 20 -65 0 11 17 20 -46 0 12 -7 38 0 0 13 -7 40 0 0 14 -9 -61 0 0 15 0 0 0 0 16 0 0 0 0 18 0 0 0 0 20 0 0 0 0 " />
        <Key e="7.5 1 -6 -60 0 0 0 36 -7 9 0 2 20 -10 5 0 3 12 31 0 0 4 -18 -15 -10 0 5 14 30 -7 0 6 -26 29 73 0 7 4 40 -22 0 8 -15 34 88 0 9 9 27 -67 0 10 17 20 -65 0 11 17 20 -46 0 12 -7 38 0 0 13 -7 40 0 0 14 -9 -61 0 0 15 0 0 0 0 16 0 0 0 0 18 0 0 0 0 20 0 0 0 0 " />
    </Animation>
    <Animation name="sit">
        <Key e="0 1 -6 -60 0 0 0 36 -7 9 0 2 20 -10 5 0 3 12 31 0 0 4 -18 -15 -10 0 5 14 30 -7 0 6 -26 31 51 0 7 0 41 -10 0 8 -15 34 83 0 9 9 27 -67 0 10 17 20 -65 0 11 17 20 -46 0 12 -2 42 -11 0 13 -7 40 0 0 14 -9 -61 0 0 15 0 0 0 0 16 0 0 0 0 18 0 0 0 0 20 0 0 0 0 " />
        <Key lerp="1" e="3 1 -6 -60 0 0 0 36 -7 13 0 2 21 -11 1 0 3 12 31 0 0 4 -18 -15 -17 0 5 14 30 -7 0 6 -26 29 56 0 7 4 40 -22 0 8 -16 33 83 0 9 9 27 -67 0 10 17 20 -65 0 11 17 20 -46 0 12 -7 38 0 0 13 -7 40 0 0 14 -9 -61 0 0 15 0 0 0 0 16 0 0 0 0 18 0 0 0 0 20 0 0 0 0 " />
        <Key e="5.9 1 -6 -60 0 0 0 36 -7 9 0 2 20 -10 5 0 3 12 31 0 0 4 -18 -15 -10 0 5 14 30 -7 0 6 -26 31 51 0 7 0 41 -10 0 8 -15 34 83 0 9 9 27 -67 0 10 17 20 -65 0 11 17 20 -46 0 12 -2 42 -11 0 13 -7 40 0 0 14 -9 -61 0 0 15 0 0 0 0 16 0 0 0 0 18 0 0 0 0 20 0 0 0 0 " />
    </Animation>
    <Animation name="getkissed">
        <Key cmd="14 AC_PRT_STOP 0" e="0 1 -6 -60 0 0 0 -1 0 1 0 2 19 -11 12 0 3 12 31 0 0 4 -24 -12 2 0 5 13 30 -7 0 6 -12 45 2 0 7 4 40 -22 0 8 3 51 -2 0 9 -2 42 0 0 10 8 32 0 0 11 8 32 0 0 12 -7 38 0 0 13 -7 40 0 0 14 -9 -61 0 0 15 0 0 0 0 16 0 0 0 0 18 0 0 0 0 20 0 0 0 0 " />
        <Key e="1.2 1 -6 -60 0 0 0 -1 -1 1 0 2 19 -11 12 0 3 12 31 0 0 4 -24 -12 2 0 5 13 30 -7 0 6 -12 45 2 0 7 4 40 -22 0 8 3 51 -2 0 9 -2 42 0 0 10 8 32 0 0 11 8 32 0 0 12 -7 38 0 0 13 -7 40 0 0 14 -9 -61 0 0 15 0 0 0 0 16 0 0 0 0 18 0 0 0 0 20 0 0 0 0 " />
        <Key e="2.3 1 -6 -60 0 0 0 -1 0 1 0 2 19 -11 12 0 3 12 31 0 0 4 -24 -12 2 0 5 13 30 -7 0 6 -12 45 2 0 7 4 40 -22 0 8 3 51 -2 0 9 -2 42 0 0 10 8 32 0 0 11 8 32 0 0 12 -7 38 0 0 13 -7 40 0 0 14 -9 -61 0 0 15 0 0 0 0 16 0 0 0 0 18 0 0 0 0 20 0 0 0 0 " />
    </Animation>
    <Animation name="getkissedloop">
        <Key cmd="14 AC_PRT_STOP 0" e="0 1 -6 -60 0 0 0 -1 0 1 0 2 19 -11 12 0 3 12 31 0 0 4 -24 -12 2 0 5 13 30 -7 0 6 -12 45 2 0 7 4 40 -22 0 8 3 51 -2 0 9 -2 42 0 0 10 8 32 0 0 11 8 32 0 0 12 -7 38 0 0 13 -7 40 0 0 14 -9 -61 0 0 15 0 0 0 0 16 0 0 0 0 18 0 0 0 0 20 0 0 0 0 " />
        <Key e="1.2 1 -6 -60 0 0 0 -1 -1 1 0 2 19 -11 12 0 3 12 31 0 0 4 -24 -12 2 0 5 13 30 -7 0 6 -12 45 2 0 7 4 40 -22 0 8 3 51 -2 0 9 -2 42 0 0 10 8 32 0 0 11 8 32 0 0 12 -7 38 0 0 13 -7 40 0 0 14 -9 -61 0 0 15 0 0 0 0 16 0 0 0 0 18 0 0 0 0 20 0 0 0 0 " />
        <Key e="2.3 1 -6 -60 0 0 0 -1 0 1 0 2 19 -11 12 0 3 12 31 0 0 4 -24 -12 2 0 5 13 30 -7 0 6 -12 45 2 0 7 4 40 -22 0 8 3 51 -2 0 9 -2 42 0 0 10 8 32 0 0 11 8 32 0 0 12 -7 38 0 0 13 -7 40 0 0 14 -9 -61 0 0 15 0 0 0 0 16 0 0 0 0 18 0 0 0 0 20 0 0 0 0 " />
    </Animation>
    <Animation name="kissfloat">
        <Key e="0 1 -1 -57 9 0 0 0 0 -1 0 2 17 -11 17 0 3 3 28 30 0 4 -23 -6 -8 0 5 12 29 -4 0 6 -12 50 9 0 7 4 42 -22 0 8 -1 51 12 0 9 5 38 -27 0 10 8 32 0 0 11 9 31 0 0 12 -9 44 0 0 13 -8 41 0 0 14 -141 -120 0 0 15 0 0 0 0 16 0 0 0 0 18 0 0 0 0 20 0 0 0 0 " />
        <Key e="0.4 1 -6 -58 -3 0 0 0 0 -8 0 2 18 -11 14 0 3 13 29 -6 0 4 -23 -6 -4 0 5 12 29 -4 0 6 -15 48 15 0 7 4 42 -22 0 8 -1 51 12 0 9 5 38 -27 0 10 7 32 0 0 11 8 31 0 0 12 -9 44 0 0 13 -8 41 0 0 14 -141 -120 0 0 15 0 0 0 0 16 0 0 0 0 18 0 0 0 0 20 0 0 0 0 " />
        <Key e="0.8 1 -11 -58 -19 0 0 0 0 -25 0 2 10 -9 36 0 3 13 29 -6 0 4 -23 -8 1 0 5 12 29 -4 0 6 -18 45 19 0 7 4 42 -22 0 8 -4 48 23 0 9 5 38 -27 0 10 7 32 0 0 11 8 30 0 0 12 -9 44 0 0 13 -8 41 0 0 14 -141 -120 0 0 15 0 0 0 0 16 0 0 0 0 18 0 0 0 0 20 0 0 0 0 " />
        <Key e="2.6 1 -14 -57 -8 0 0 4 3 -40 0 2 1 -12 68 0 3 13 29 -6 0 4 -34 -23 57 0 5 12 29 -4 0 6 -26 34 90 0 7 4 42 -20 0 8 -15 43 52 0 9 -3 45 2 0 10 11 30 -9 0 11 13 29 -21 0 12 -6 41 0 0 13 -8 41 0 0 14 -141 -120 0 0 15 0 0 0 0 16 0 0 0 0 18 0 0 0 0 20 0 0 0 0 " />
        <Key e="5.1 1 -14 -57 -20 0 0 4 -1 -4 0 2 5 -10 53 0 3 13 29 -6 0 4 -29 -10 35 0 5 15 25 -21 0 6 -26 34 90 0 7 4 42 -20 0 8 -15 43 52 0 9 -3 45 2 0 10 13 28 -20 0 11 7 29 0 0 12 -6 41 0 0 13 -8 41 0 0 14 -141 -120 0 0 15 0 0 0 0 16 0 0 0 0 18 0 0 0 0 20 0 0 0 0 " />
    </Animation>
    <Animation name="helmetflyoff">
        <Key cmd="14 AC_PRT_START 0" e="0 1 -6 -60 0 0 0 0 0 1 0 2 21 -12 -1 0 3 12 31 0 0 4 -18 -15 -10 0 5 14 30 -7 0 6 -12 45 6 0 7 4 40 -22 0 8 3 51 -2 0 9 -2 42 0 0 10 8 32 0 0 11 8 32 0 0 12 -7 38 0 0 13 -7 40 0 0 14 -9 -61 0 0 15 0 0 0 0 16 0 0 0 0 18 0 0 0 0 20 0 0 0 0 " />
        <Key e="0.1 1 -6 -60 0 0 0 0 0 1 0 2 21 -12 -1 0 3 12 31 0 0 4 -18 -15 -10 0 5 14 30 -7 0 6 -12 45 6 0 7 4 40 -22 0 8 3 51 -2 0 9 -2 42 0 0 10 8 32 0 0 11 8 32 0 0 12 -7 38 0 0 13 -7 40 0 0 14 -9 -64 0 0 15 0 0 0 0 16 0 0 0 0 18 0 0 0 0 20 0 0 0 0 " />
        <Key e="0.2 1 -6 -60 0 0 0 0 0 1 0 2 21 -12 -1 0 3 12 31 0 0 4 -18 -15 -10 0 5 14 30 -7 0 6 -12 45 6 0 7 4 40 -22 0 8 3 51 -2 0 9 -2 42 0 0 10 8 32 0 0 11 8 32 0 0 12 -7 38 0 0 13 -7 40 0 0 14 -9 -61 0 0 15 0 0 0 0 16 0 0 0 0 18 0 0 0 0 20 0 0 0 0 " />
        <Key e="0.3 1 -6 -60 0 0 0 0 0 1 0 2 21 -12 -1 0 3 12 31 0 0 4 -18 -15 -10 0 5 14 30 -7 0 6 -12 45 6 0 7 4 40 -22 0 8 3 51 -2 0 9 -2 42 0 0 10 8 32 0 0 11 8 32 0 0 12 -7 38 0 0 13 -7 40 0 0 14 -9 -64 0 0 15 0 0 0 0 16 0 0 0 0 18 0 0 0 0 20 0 0 0 0 " />
        <Key e="0.4 1 -6 -60 0 0 0 0 0 1 0 2 21 -12 -1 0 3 12 31 0 0 4 -18 -15 -10 0 5 14 30 -7 0 6 -12 45 6 0 7 4 40 -22 0 8 3 51 -2 0 9 -2 42 0 0 10 8 32 0 0 11 8 32 0 0 12 -7 38 0 0 13 -7 40 0 0 14 -9 -61 0 0 15 0 0 0 0 16 0 0 0 0 18 0 0 0 0 20 0 0 0 0 " />
        <Key e="0.8 1 -6 -60 0 0 0 0 0 1 0 2 21 -12 -1 0 3 12 31 0 0 4 -18 -15 -10 0 5 14 30 -7 0 6 -12 45 6 0 7 4 40 -22 0 8 3 51 -2 0 9 -2 42 0 0 10 8 32 0 0 11 8 32 0 0 12 -7 38 0 0 13 -7 40 0 0 14 -9 -61 0 0 15 0 0 0 0 16 0 0 0 0 18 0 0 0 0 20 0 0 0 0 " />
        <Key e="1.3 1 -6 -60 0 0 0 0 0 1 0 2 21 -12 -1 0 3 12 31 0 0 4 -18 -15 -10 0 5 14 30 -7 0 6 -12 45 6 0 7 4 40 -22 0 8 3 51 -2 0 9 -2 42 0 0 10 8 32 0 0 11 8 32 0 0 12 -7 38 0 0 13 -7 40 0 0 14 -6 -92 18 0 15 0 0 0 0 16 0 0 0 0 18 0 0 0 0 20 0 0 0 0 " />
        <Key e="1.9 1 -6 -60 0 0 0 0 0 1 0 2 21 -12 -1 0 3 12 31 0 0 4 -18 -15 -10 0 5 14 30 -7 0 6 -12 45 6 0 7 4 40 -22 0 8 3 51 -2 0 9 -2 42 0 0 10 8 32 0 0 11 8 32 0 0 12 -7 38 0 0 13 -7 40 0 0 14 9 -115 27 0 15 0 0 0 0 16 0 0 0 0 18 0 0 0 0 20 0 0 0 0 " />
        <Key e="2.7 1 -6 -60 0 0 0 0 0 1 0 2 21 -12 -1 0 3 12 31 0 0 4 -18 -15 -10 0 5 14 30 -7 0 6 -12 45 6 0 7 4 40 -22 0 8 3 51 -2 0 9 -2 42 0 0 10 8 32 0 0 11 8 32 0 0 12 -7 38 0 0 13 -7 40 0 0 14 107 -81 172 0 15 0 0 0 0 16 0 0 0 0 18 0 0 0 0 20 0 0 0 0 " />
        <Key e="3.6 1 -6 -60 0 0 0 0 0 1 0 2 21 -12 -1 0 3 12 31 0 0 4 -18 -15 -10 0 5 14 30 -7 0 6 -12 45 6 0 7 4 40 -22 0 8 3 51 -2 0 9 -2 42 0 0 10 8 32 0 0 11 8 32 0 0 12 -7 38 0 0 13 -7 40 0 0 14 132 129 223 0 15 0 0 0 0 16 0 0 0 0 18 0 0 0 0 20 0 0 0 0 " />
        <Key cmd="14 AC_PRT_STOP 0" e="3.7 1 -6 -60 0 0 0 0 0 1 0 2 21 -12 -1 0 3 12 31 0 0 4 -18 -15 -10 0 5 14 30 -7 0 6 -12 45 6 0 7 4 40 -22 0 8 3 51 -2 0 9 -2 42 0 0 10 8 32 0 0 11 8 32 0 0 12 -7 38 0 0 13 -7 40 0 0 14 130 120 223 0 15 0 0 0 0 16 0 0 0 0 18 0 0 0 0 20 0 0 0 0 " />
        <Key e="3.8 1 -6 -60 0 0 0 0 0 1 0 2 21 -12 -1 0 3 12 31 0 0 4 -18 -15 -10 0 5 14 30 -7 0 6 -12 45 6 0 7 4 40 -22 0 8 3 51 -2 0 9 -2 42 0 0 10 8 32 0 0 11 8 32 0 0 12 -7 38 0 0 13 -7 40 0 0 14 132 129 223 0 15 0 0 0 0 16 0 0 0 0 18 0 0 0 0 20 0 0 0 0 " />
        <Key e="4.2 1 -6 -60 0 0 0 0 0 1 0 2 21 -12 -1 0 3 12 31 0 0 4 -18 -15 -10 0 5 14 30 -7 0 6 -12 45 6 0 7 4 40 -22 0 8 3 51 -2 0 9 -2 42 0 0 10 8 32 0 0 11 8 32 0 0 12 -7 38 0 0 13 -7 40 0 0 14 132 129 244 0 15 0 0 0 0 16 0 0 0 0 18 0 0 0 0 20 0 0 0 0 " />
    </Animation>
    <Animation name="hugnaija">
        <Key cmd="14 AC_PRT_STOP 0" e="0 1 -6 -60 0 0 0 0 0 1 0 2 21 -12 -1 0 3 12 31 0 0 4 -18 -15 -10 0 5 14 30 -7 0 6 -12 45 2 0 7 4 40 -22 0 8 3 51 -4 0 9 -2 42 0 0 10 8 32 0 0 11 8 32 0 0 12 -7 38 0 0 13 -7 40 0 0 14 -9 -61 0 0 15 0 0 0 0 16 0 0 0 0 18 0 0 0 0 20 0 0 0 0 " />
        <Key cmd="14 AC_PRT_STOP 0" e="0.6 1 -6 -60 0 0 0 0 0 1 0 2 2 -8 53 0 3 0 26 36 0 4 -20 -12 -10 0 5 17 26 -26 0 6 -12 45 6 0 7 4 40 -22 0 8 3 51 -5 0 9 -2 42 0 0 10 5 35 11 0 11 8 32 0 0 12 -7 38 0 0 13 -7 40 0 0 14 -9 -61 0 0 15 0 0 0 0 16 0 0 0 0 18 0 0 0 0 20 0 0 0 0 " />
    </Animation>
    <Animation name="choke">
        <Key cmd="14 AC_PRT_STOP 0" lerp="1" e="0 1 -3 -56 35 0 0 0 0 0 0 2 16 -8 30 0 3 -9 11 116 0 4 -24 -18 98 0 5 18 6 -108 0 6 -11 47 30 0 7 8 35 -45 0 8 4 53 -8 0 9 -2 42 0 0 10 8 32 0 0 11 1 30 20 0 12 -7 38 0 0 13 -7 40 0 0 14 -9 -61 0 0 15 0 0 0 0 16 0 0 0 0 18 0 0 0 0 20 0 0 0 0 " />
        <Key cmd="14 AC_PRT_STOP 0" e="0.3 1 0 -60 35 0 0 0 -3 1 0 2 16 -8 34 0 3 -9 11 116 0 4 -24 -18 98 0 5 18 6 -108 0 6 -9 47 1 0 7 0 42 -6 0 8 1 50 4 0 9 4 39 -23 0 10 8 32 0 0 11 1 30 20 0 12 0 39 -17 0 13 -13 32 24 0 14 -9 -61 0 0 15 0 0 0 0 16 0 0 0 0 18 0 0 0 0 20 0 0 0 0 " />
        <Key cmd="14 AC_PRT_STOP 0" e="0.6 1 2 -57 43 0 0 0 -7 0 0 2 15 -8 28 0 3 -9 11 124 0 4 -24 -18 98 0 5 18 6 -108 0 6 -9 47 -3 0 7 -6 43 10 0 8 -4 47 15 0 9 6 39 -34 0 10 8 32 0 0 11 1 30 20 0 12 5 41 -33 0 13 -17 27 37 0 14 -9 -61 0 0 15 0 0 0 0 16 0 0 0 0 18 0 0 0 0 20 0 0 0 0 " />
        <Key cmd="14 AC_PRT_STOP 0" e="0.9 1 -3 -56 35 0 0 0 0 0 0 2 16 -8 30 0 3 -9 11 116 0 4 -24 -18 98 0 5 18 6 -108 0 6 -11 47 30 0 7 8 35 -45 0 8 4 53 -8 0 9 -2 42 0 0 10 8 32 0 0 11 1 30 20 0 12 -7 38 0 0 13 -7 40 0 0 14 -9 -61 0 0 15 0 0 0 0 16 0 0 0 0 18 0 0 0 0 20 0 0 0 0 " />
    </Animation>
    <Animation name="suckedin">
        <Key cmd="14 AC_PRT_STOP 0" e="0 1 -7 -57 15 0 0 30 17 -19 0 2 2 -13 65 0 3 12 31 0 0 4 -33 -28 73 0 5 16 27 -22 0 6 -21 30 104 0 7 5 40 -26 0 8 -16 40 72 0 9 4 40 -22 0 10 8 32 -1 0 11 8 32 0 0 12 -8 38 10 0 13 -11 36 9 0 14 1 -52 0 0 15 0 0 0 0 16 0 0 0 0 18 0 0 0 0 20 0 0 0 0 " />
        <Key cmd="14 AC_PRT_STOP 0" lerp="1" e="0.5 1 -7 -57 15 0 0 30 13 -19 0 2 2 -13 70 0 3 12 31 0 0 4 -33 -28 73 0 5 16 27 -22 0 6 -16 37 87 0 7 5 40 -26 0 8 -18 33 91 0 9 4 40 -22 0 10 8 32 0 0 11 8 32 0 0 12 -3 40 -7 0 13 -11 36 9 0 14 1 -52 0 0 15 0 0 0 0 16 0 0 0 0 18 0 0 0 0 20 0 0 0 0 " />
        <Key cmd="14 AC_PRT_STOP 0" lerp="1" e="1.1 1 -7 -57 15 0 0 30 17 -19 0 2 2 -13 65 0 3 12 31 0 0 4 -33 -28 73 0 5 16 27 -22 0 6 -21 30 104 0 7 5 40 -26 0 8 -16 40 72 0 9 4 40 -22 0 10 8 32 -1 0 11 8 32 0 0 12 -8 38 10 0 13 -11 36 9 0 14 1 -52 0 0 15 0 0 0 0 16 0 0 0 0 18 0 0 0 0 20 0 0 0 0 " />
    </Animation>
    <Animation name="rideturtle">
        <Key e="0 1 -6 -60 0 0 0 -3 -43 -4 0 2 10 -6 39 0 3 3 27 23 0 4 -18 -10 -10 0 5 20 22 -45 0 6 6 47 -5 0 7 -2 43 2 0 8 5 50 -5 0 9 -2 42 0 0 10 8 32 0 0 11 8 32 0 0 12 -7 38 0 0 13 -7 40 0 0 14 -9 -61 0 0 15 0 0 0 0 16 0 0 0 0 18 0 0 0 0 20 0 0 0 0 " />
    </Animation>
</Animations>
