<Bones>
    <Bone idx="0" gfx="drask/statue-body" />
    <Bone idx="1" gfx="drask/statue-leg1" />
    <Bone idx="2" gfx="drask/statue-leg2" />
    <Bone idx="3" gfx="drask/statue-leg3" />
    <Bone idx="4" gfx="drask/statue-leg1" />
    <Bone idx="5" gfx="drask/statue-leg2" />
    <Bone idx="6" gfx="drask/statue-leg3" />
    <Bone idx="7" gfx="drask/statue-head" />
    <Bone idx="8" gfx="drask/statue-arm1" />
    <Bone idx="9" gfx="drask/statue-arm2" />
    <Bone idx="10" gfx="drask/statue-arm3" />
	<Bone idx="11" gfx="drask/statue-arm1" />
    <Bone idx="12" gfx="drask/statue-arm2" />
    <Bone idx="13" gfx="drask/statue-arm3" />
</Bones>