<Bones>
    <Bone idx="4" gfx="Naija/elena-BackArm1"  />
    <Bone idx="5" gfx="Naija/elena-BackArm2"  />
    <Bone idx="10" gfx="Naija/naija2-BackArm3"/>
    <Bone idx="6" gfx="Naija/elena-BackLeg1" />
    <Bone idx="7" gfx="Naija/elena-BackLeg2"  />
    <Bone idx="12" gfx="Naija/elena-BackLeg3"  />
    <Bone idx="0" gfx="Naija/elena-Body"  />
    <Bone idx="8" gfx="Naija/elena-FrontLeg1"  />
    <Bone idx="9" gfx="Naija/elena-FrontLeg2"  />
    <Bone idx="13" gfx="Naija/elena-FrontLeg3"  />
    <Bone idx="1" gfx="Naija/elena-Head"  />
    <Bone idx="2" gfx="Naija/elena-FrontArm1"  />
    <Bone idx="3" gfx="Naija/elena-FrontArm2"  />
    <Bone idx="11" gfx="Naija/naija2-FrontArm3"  />
</Bones>